회사명,현재채용,기업정보,세부정보
"<a href=""/zf_user/company-review/view?csn=eWIvVTNFQnh4T2ErYTI5U3NweUtjQT09"" onmousedown=""Common.gaEvent('company_search', 'list_info', 'title')"" target=""_blank"">현대모비스(주)</a>","<a class=""link_employ"" href=""/zf_user/company-review/view?csn=eWIvVTNFQnh4T2ErYTI5U3NweUtjQT09"" onmousedown=""Common.gaEvent('company_search', 'list_info', 'recruit')"" target=""_blank"">채용중<span>12</span></a>","<div class=""text_info"">
<span>그 외 자동차용 신품 부품 제조업</span>
<span>대기업,1000대기업</span>
<span>48년차</span>
<span>11,893명</span>
<span>정의선/이규석</span>
</div>",
"<a href=""/zf_user/company-review/view?csn=RzBaRnNqKzJuWVdVeHNDLzlFVjcrQT09"" onmousedown=""Common.gaEvent('company_search', 'list_info', 'title')"" target=""_blank"">쿠팡(주)</a>","<a class=""link_employ"" href=""/zf_user/company-review/view?csn=RzBaRnNqKzJuWVdVeHNDLzlFVjcrQT09"" onmousedown=""Common.gaEvent('company_search', 'list_info', 'recruit')"" target=""_blank"">채용중<span>114</span></a>","<div class=""text_info"">
<span>전자상거래 소매업</span>
<span>대기업,1000대기업</span>
<span>12년차</span>
<span>11,266명</span>
<span>강한승/박대준</span>
</div>",
"<a href=""/zf_user/company-review/view?csn=STZvalU1L3ltME9udGFzL281T0hwQT09"" onmousedown=""Common.gaEvent('company_search', 'list_info', 'title')"" target=""_blank"">에스케이하이닉스(주)</a>",,"<div class=""text_info"">
<span>발광 다이오드 제조업</span>
<span>대기업,1000대기업</span>
<span>76년차</span>
<span>31,388명</span>
<span>곽노정</span>
</div>",
"<a href=""/zf_user/company-review/view?csn=UjVaSHBEcTFsdFUzQ3F4dDFTeXVKZz09"" onmousedown=""Common.gaEvent('company_search', 'list_info', 'title')"" target=""_blank"">삼성전자(주)</a>",,"<div class=""text_info"">
<span>이동전화기 제조업</span>
<span>대기업,1000대기업</span>
<span>56년차</span>
<span>124,868명</span>
<span>한종희</span>
</div>",
"<a href=""/zf_user/company-review/view?csn=SWxZTDB4NDZWTDRFSnQ3N3krT080dz09"" onmousedown=""Common.gaEvent('company_search', 'list_info', 'title')"" target=""_blank"">(주)카카오</a>","<a class=""link_employ"" href=""/zf_user/company-review/view?csn=SWxZTDB4NDZWTDRFSnQ3N3krT080dz09"" onmousedown=""Common.gaEvent('company_search', 'list_info', 'recruit')"" target=""_blank"">채용중<span>1</span></a>","<div class=""text_info"">
<span>포털 및 기타 인터넷 정보매개 서비스업</span>
<span>대기업,1000대기업</span>
<span>30년차</span>
<span>3,911명</span>
<span>정신아</span>
</div>",
"<a href=""/zf_user/company-review/view?csn=MnQybzJxVndodHVaeTNxWnFPYXhpQT09"" onmousedown=""Common.gaEvent('company_search', 'list_info', 'title')"" target=""_blank"">(주)아이아이컴바인드</a>","<a class=""link_employ"" href=""/zf_user/company-review/view?csn=MnQybzJxVndodHVaeTNxWnFPYXhpQT09"" onmousedown=""Common.gaEvent('company_search', 'list_info', 'recruit')"" target=""_blank"">채용중<span>47</span></a>","<div class=""text_info"">
<span>안경 및 안경렌즈 제조업</span>
<span>중견기업</span>
<span>14년차</span>
<span>1,200명</span>
<span>김한국</span>
</div>",
"<a href=""/zf_user/company-review/view?csn=ZTBsdTdCWmZiWCt2ek5RdWU0S0RTQT09"" onmousedown=""Common.gaEvent('company_search', 'list_info', 'title')"" target=""_blank"">(주)셀트리온</a>","<a class=""link_employ"" href=""/zf_user/company-review/view?csn=ZTBsdTdCWmZiWCt2ek5RdWU0S0RTQT09"" onmousedown=""Common.gaEvent('company_search', 'list_info', 'recruit')"" target=""_blank"">채용중<span>2</span></a>","<div class=""text_info"">
<span>의약용 화합물 및 항생물질 제조업</span>
<span>대기업,1000대기업</span>
<span>34년차</span>
<span>2,701명</span>
<span>기우성/김형기/서진석</span>
</div>",
"<a href=""/zf_user/company-review/view?csn=K1NqNlphejJ1bWYwNVQxS3JBcGpidz09"" onmousedown=""Common.gaEvent('company_search', 'list_info', 'title')"" target=""_blank"">도쿄일렉트론코리아(주)</a>",,"<div class=""text_info"">
<span>반도체 제조용 기계 제조업</span>
<span>대기업,1000대기업</span>
<span>19년차</span>
<span>1,956명</span>
<span>원제형</span>
</div>",
"<a href=""/zf_user/company-review/view?csn=RkRqYjFMRnM0UWEwcHc4a3g3clJ3dz09"" onmousedown=""Common.gaEvent('company_search', 'list_info', 'title')"" target=""_blank"">(주)하이브</a>","<a class=""link_employ"" href=""/zf_user/company-review/view?csn=RkRqYjFMRnM0UWEwcHc4a3g3clJ3dz09"" onmousedown=""Common.gaEvent('company_search', 'list_info', 'recruit')"" target=""_blank"">채용중<span>7</span></a>","<div class=""text_info"">
<span>음악 및 기타 오디오물 출판업</span>
<span>대기업,1000대기업</span>
<span>20년차</span>
<span>816명</span>
<span>이재상</span>
</div>",
"<a href=""/zf_user/company-review/view?csn=T2krT29YSUw1Nmw2aGgyOFZiVnd4Zz09"" onmousedown=""Common.gaEvent('company_search', 'list_info', 'title')"" target=""_blank"">기아(주)</a>","<a class=""link_employ"" href=""/zf_user/company-review/view?csn=T2krT29YSUw1Nmw2aGgyOFZiVnd4Zz09"" onmousedown=""Common.gaEvent('company_search', 'list_info', 'recruit')"" target=""_blank"">채용중<span>3</span></a>","<div class=""text_info"">
<span>승용차 및 기타 여객용 자동차 제조업</span>
<span>대기업,1000대기업</span>
<span>81년차</span>
<span>6,237명</span>
<span>최준영/송호성</span>
</div>",
"<a href=""/zf_user/company-review/view?csn=a256MUlLTTZWK21LOWRXRTlkWFJaQT09"" onmousedown=""Common.gaEvent('company_search', 'list_info', 'title')"" target=""_blank"">SK이노베이션(주)</a>",,"<div class=""text_info"">
<span>석유 정제품 제조업</span>
<span>대기업,1000대기업</span>
<span>1,530명</span>
<span>박상규</span>
</div>",
"<a href=""/zf_user/company-review/view?csn=VzFGMHNFb205aWpoSXlLTXo4NnhBQT09"" onmousedown=""Common.gaEvent('company_search', 'list_info', 'title')"" target=""_blank"">(주)무신사</a>","<a class=""link_employ"" href=""/zf_user/company-review/view?csn=VzFGMHNFb205aWpoSXlLTXo4NnhBQT09"" onmousedown=""Common.gaEvent('company_search', 'list_info', 'recruit')"" target=""_blank"">채용중<span>29</span></a>","<div class=""text_info"">
<span>통신 판매업</span>
<span>중견기업</span>
<span>13년차</span>
<span>1,474명</span>
<span>박준모/조만호</span>
</div>",
"<a href=""/zf_user/company-review/view?csn=TEhJd05id2IwWU11clgyNGZxL3dodz09"" onmousedown=""Common.gaEvent('company_search', 'list_info', 'title')"" target=""_blank"">(주)LG생활건강</a>","<a class=""link_employ"" href=""/zf_user/company-review/view?csn=TEhJd05id2IwWU11clgyNGZxL3dodz09"" onmousedown=""Common.gaEvent('company_search', 'list_info', 'recruit')"" target=""_blank"">채용중<span>4</span></a>","<div class=""text_info"">
<span>화장품 제조업</span>
<span>대기업,1000대기업</span>
<span>24년차</span>
<span>4,346명</span>
<span>이정애</span>
</div>",
"<a href=""/zf_user/company-review/view?csn=VDhMdGl5ZmNvTHhFZ1ZmSjU0ZnRjQT09"" onmousedown=""Common.gaEvent('company_search', 'list_info', 'title')"" target=""_blank"">CJ(주)</a>",,"<div class=""text_info"">
<span>지주회사</span>
<span>대기업,1000대기업</span>
<span>72년차</span>
<span>56명</span>
<span>손경식/김홍기</span>
</div>",
"<a href=""/zf_user/company-review/view?csn=TmlRd0hLcDl5VkkzeVc4ZXpmL3ByZz09"" onmousedown=""Common.gaEvent('company_search', 'list_info', 'title')"" target=""_blank"">세메스(주)</a>",,"<div class=""text_info"">
<span>반도체 제조용 기계 제조업</span>
<span>대기업,1000대기업</span>
<span>32년차</span>
<span>2,626명</span>
<span>정태경</span>
</div>",
"<a href=""/zf_user/company-review/view?csn=aXVSajN0M3FxSVlEb055UkFlTkdGQT09"" onmousedown=""Common.gaEvent('company_search', 'list_info', 'title')"" target=""_blank"">현대로템(주)</a>","<a class=""link_employ"" href=""/zf_user/company-review/view?csn=aXVSajN0M3FxSVlEb055UkFlTkdGQT09"" onmousedown=""Common.gaEvent('company_search', 'list_info', 'recruit')"" target=""_blank"">채용중<span>1</span></a>","<div class=""text_info"">
<span>기관차 및 기타 철도차량 제조업</span>
<span>대기업,1000대기업</span>
<span>26년차</span>
<span>3,804명</span>
<span>이용배</span>
</div>",
"<a href=""/zf_user/company-review/view?csn=aDJMWlBEMm0wT2laRVJ2dW50MEwrQT09"" onmousedown=""Common.gaEvent('company_search', 'list_info', 'title')"" target=""_blank"">(주)맨파워코리아</a>","<a class=""link_employ"" href=""/zf_user/company-review/view?csn=aDJMWlBEMm0wT2laRVJ2dW50MEwrQT09"" onmousedown=""Common.gaEvent('company_search', 'list_info', 'recruit')"" target=""_blank"">채용중<span>257</span></a>","<div class=""text_info"">
<span>상용 인력 공급 및 인사관리 서비스업</span>
<span>중견기업</span>
<span>26년차</span>
<span>4,569명</span>
<span>문용기</span>
</div>",
"<a href=""/zf_user/company-review/view?csn=MXpxd2JBTytaUDZNZmY3amRtMWNnUT09"" onmousedown=""Common.gaEvent('company_search', 'list_info', 'title')"" target=""_blank"">에이에스엠엘코리아(유)</a>","<a class=""link_employ"" href=""/zf_user/company-review/view?csn=MXpxd2JBTytaUDZNZmY3amRtMWNnUT09"" onmousedown=""Common.gaEvent('company_search', 'list_info', 'recruit')"" target=""_blank"">채용중<span>2</span></a>","<div class=""text_info"">
<span>기타 엔지니어링 서비스업</span>
<span>중견기업,1000대기업</span>
<span>29년차</span>
<span>1,677명</span>
<span>김병찬/화선스탈나커/최한종</span>
</div>",
"<a href=""/zf_user/company-review/view?csn=dTJOaVhBdlNqdE9HNHhueVdobytQUT09"" onmousedown=""Common.gaEvent('company_search', 'list_info', 'title')"" target=""_blank"">(주)셀트리온제약</a>","<a class=""link_employ"" href=""/zf_user/company-review/view?csn=dTJOaVhBdlNqdE9HNHhueVdobytQUT09"" onmousedown=""Common.gaEvent('company_search', 'list_info', 'recruit')"" target=""_blank"">채용중<span>1</span></a>","<div class=""text_info"">
<span>완제 의약품 제조업</span>
<span>대기업</span>
<span>25년차</span>
<span>517명</span>
<span>유영호</span>
</div>",
"<a href=""/zf_user/company-review/view?csn=OUlGd3F5VVpjalpJRHo5YlBSSENVQT09"" onmousedown=""Common.gaEvent('company_search', 'list_info', 'title')"" target=""_blank"">(주)녹십자</a>","<a class=""link_employ"" href=""/zf_user/company-review/view?csn=OUlGd3F5VVpjalpJRHo5YlBSSENVQT09"" onmousedown=""Common.gaEvent('company_search', 'list_info', 'recruit')"" target=""_blank"">채용중<span>1</span></a>","<div class=""text_info"">
<span>완제 의약품 제조업</span>
<span>중견기업,1000대기업</span>
<span>56년차</span>
<span>2,264명</span>
<span>허은철</span>
</div>",
"<a href=""/zf_user/company-review/view?csn=Wi9wdU5ZaDZXQUVIQjFNdlZRYjkwdz09"" onmousedown=""Common.gaEvent('company_search', 'list_info', 'title')"" target=""_blank"">(주)씨제이이엔엠</a>",,"<div class=""text_info"">
<span>텔레비전 방송업</span>
<span>대기업,1000대기업</span>
<span>31년차</span>
<span>1,098명</span>
<span>윤상현</span>
</div>",
"<a href=""/zf_user/company-review/view?csn=dFNpK05pYmZoVzBWU0h5bm91TjJCdz09"" onmousedown=""Common.gaEvent('company_search', 'list_info', 'title')"" target=""_blank"">(주)에코프로</a>","<a class=""link_employ"" href=""/zf_user/company-review/view?csn=dFNpK05pYmZoVzBWU0h5bm91TjJCdz09"" onmousedown=""Common.gaEvent('company_search', 'list_info', 'recruit')"" target=""_blank"">채용중<span>1</span></a>","<div class=""text_info"">
<span>지주회사</span>
<span>186명</span>
<span>송호준</span>
</div>",
"<a href=""/zf_user/company-review/view?csn=ZXlPT0xhNEcwcGIzOG8zaTJxU1dRUT09"" onmousedown=""Common.gaEvent('company_search', 'list_info', 'title')"" target=""_blank"">에이치엘만도(주)</a>","<a class=""link_employ"" href=""/zf_user/company-review/view?csn=ZXlPT0xhNEcwcGIzOG8zaTJxU1dRUT09"" onmousedown=""Common.gaEvent('company_search', 'list_info', 'recruit')"" target=""_blank"">채용중<span>2</span></a>","<div class=""text_info"">
<span>자동차용 신품 조향장치 및 현가 장치 제조업</span>
<span>대기업,1000대기업</span>
<span>11년차</span>
<span>3,840명</span>
<span>조성현/김현욱</span>
</div>",
"<a href=""/zf_user/company-review/view?csn=bzRHc20wWGQ0UUpsdjRkbmpBRmlWQT09"" onmousedown=""Common.gaEvent('company_search', 'list_info', 'title')"" target=""_blank"">(주)빙그레</a>","<a class=""link_employ"" href=""/zf_user/company-review/view?csn=bzRHc20wWGQ0UUpsdjRkbmpBRmlWQT09"" onmousedown=""Common.gaEvent('company_search', 'list_info', 'recruit')"" target=""_blank"">채용중<span>2</span></a>","<div class=""text_info"">
<span>아이스크림 및 기타 식용빙과류 제조업</span>
<span>중견기업,1000대기업</span>
<span>58년차</span>
<span>792명</span>
<span>전창원</span>
</div>",
"<a href=""/zf_user/company-review/view?csn=QUc1TDJoZ2twbFdMZ1huRnFNZ082UT09"" onmousedown=""Common.gaEvent('company_search', 'list_info', 'title')"" target=""_blank"">(주)보령</a>",,"<div class=""text_info"">
<span>완제 의약품 제조업</span>
<span>중견기업</span>
<span>62년차</span>
<span>1,642명</span>
<span>장다니엘두현/김정균</span>
</div>",
"<a href=""/zf_user/company-review/view?csn=TWNRWkMzdXRWOVpiYTFaZzNrMmppUT09"" onmousedown=""Common.gaEvent('company_search', 'list_info', 'title')"" target=""_blank"">(주)클리오</a>","<a class=""link_employ"" href=""/zf_user/company-review/view?csn=TWNRWkMzdXRWOVpiYTFaZzNrMmppUT09"" onmousedown=""Common.gaEvent('company_search', 'list_info', 'recruit')"" target=""_blank"">채용중<span>1</span></a>","<div class=""text_info"">
<span>화장품 제조업</span>
<span>중견기업</span>
<span>28년차</span>
<span>354명</span>
<span>한현옥</span>
</div>",
"<a href=""/zf_user/company-review/view?csn=V2trMGFJajFsU0F6ZSszODhVRmVidz09"" onmousedown=""Common.gaEvent('company_search', 'list_info', 'title')"" target=""_blank"">(주)삼구아이앤씨</a>","<a class=""link_employ"" href=""/zf_user/company-review/view?csn=V2trMGFJajFsU0F6ZSszODhVRmVidz09"" onmousedown=""Common.gaEvent('company_search', 'list_info', 'recruit')"" target=""_blank"">채용중<span>130</span></a>","<div class=""text_info"">
<span>사업시설 유지ㆍ관리 서비스업</span>
<span>중견기업</span>
<span>49년차</span>
<span>11,769명</span>
<span>김형규/변상필</span>
</div>",
"<a href=""/zf_user/company-review/view?csn=cGdRT3RvMWRBZEY2UWxZVTkyNHRPZz09"" onmousedown=""Common.gaEvent('company_search', 'list_info', 'title')"" target=""_blank"">현대글로비스(주)</a>","<a class=""link_employ"" href=""/zf_user/company-review/view?csn=cGdRT3RvMWRBZEY2UWxZVTkyNHRPZz09"" onmousedown=""Common.gaEvent('company_search', 'list_info', 'recruit')"" target=""_blank"">채용중<span>2</span></a>","<div class=""text_info"">
<span>화물운송 중개, 대리 및 관련 서비스업</span>
<span>대기업,1000대기업</span>
<span>24년차</span>
<span>1,997명</span>
<span>이규복</span>
</div>",
"<a href=""/zf_user/company-review/view?csn=MDRmTGxESjRoQ3F2dmhRY1FqREdBZz09"" onmousedown=""Common.gaEvent('company_search', 'list_info', 'title')"" target=""_blank"">(주)에스엠엔터테인먼트</a>","<a class=""link_employ"" href=""/zf_user/company-review/view?csn=MDRmTGxESjRoQ3F2dmhRY1FqREdBZz09"" onmousedown=""Common.gaEvent('company_search', 'list_info', 'recruit')"" target=""_blank"">채용중<span>10</span></a>","<div class=""text_info"">
<span>음악 및 기타 오디오물 출판업</span>
<span>30년차</span>
<span>712명</span>
<span>장철혁/탁영준</span>
</div>",
"<a href=""/zf_user/company-review/view?csn=WUd0RlRPZ0xiUXdrUG5EMEJoeXlDZz09"" onmousedown=""Common.gaEvent('company_search', 'list_info', 'title')"" target=""_blank"">한온시스템(주)</a>","<a class=""link_employ"" href=""/zf_user/company-review/view?csn=WUd0RlRPZ0xiUXdrUG5EMEJoeXlDZz09"" onmousedown=""Common.gaEvent('company_search', 'list_info', 'recruit')"" target=""_blank"">채용중<span>2</span></a>","<div class=""text_info"">
<span>공기 조화장치 제조업</span>
<span>대기업,1000대기업</span>
<span>39년차</span>
<span>2,162명</span>
<span>너달쿠추카야/나가수브라모니라마찬드란</span>
</div>",
"<a href=""/zf_user/company-review/view?csn=Q2w0ZmlRZWNYS004T0tIR0szaDVSZz09"" onmousedown=""Common.gaEvent('company_search', 'list_info', 'title')"" target=""_blank"">현대위아(주)</a>",,"<div class=""text_info"">
<span>그 외 자동차용 신품 부품 제조업</span>
<span>대기업,1000대기업</span>
<span>49년차</span>
<span>2,865명</span>
<span>정재욱</span>
</div>",
"<a href=""/zf_user/company-review/view?csn=SzZUbk9nTk8zK0xDODZiSEFVMkJTUT09"" onmousedown=""Common.gaEvent('company_search', 'list_info', 'title')"" target=""_blank"">(주)농심</a>","<a class=""link_employ"" href=""/zf_user/company-review/view?csn=SzZUbk9nTk8zK0xDODZiSEFVMkJTUT09"" onmousedown=""Common.gaEvent('company_search', 'list_info', 'recruit')"" target=""_blank"">채용중<span>8</span></a>","<div class=""text_info"">
<span>면류, 마카로니 및 유사식품 제조업</span>
<span>중견기업</span>
<span>60년차</span>
<span>2,693명</span>
<span>이병학</span>
</div>",
"<a href=""/zf_user/company-review/view?csn=ckdXSlNOd3BXV2FJcjRmeHdqNXpZZz09"" onmousedown=""Common.gaEvent('company_search', 'list_info', 'title')"" target=""_blank"">(주)아모텍</a>","<a class=""link_employ"" href=""/zf_user/company-review/view?csn=ckdXSlNOd3BXV2FJcjRmeHdqNXpZZz09"" onmousedown=""Common.gaEvent('company_search', 'list_info', 'recruit')"" target=""_blank"">채용중<span>4</span></a>","<div class=""text_info"">
<span>그 외 기타 전자부품 제조업</span>
<span>중견기업,1000대기업</span>
<span>31년차</span>
<span>528명</span>
<span>김병규</span>
</div>",
"<a href=""/zf_user/company-review/view?csn=TGhKUGhoWU82bHJKNTc3TFFhMFo4UT09"" onmousedown=""Common.gaEvent('company_search', 'list_info', 'title')"" target=""_blank"">(주)제이에이에스</a>","<a class=""link_employ"" href=""/zf_user/company-review/view?csn=TGhKUGhoWU82bHJKNTc3TFFhMFo4UT09"" onmousedown=""Common.gaEvent('company_search', 'list_info', 'recruit')"" target=""_blank"">채용중<span>8</span></a>","<div class=""text_info"">
<span>기타 항공 운송지원 서비스업</span>
<span>중견기업</span>
<span>25년차</span>
<span>942명</span>
<span>장우영</span>
</div>",
"<a href=""/zf_user/company-review/view?csn=Q3grSzdRbC9tUmRCSVV0ekVyd2ZsQT09"" onmousedown=""Common.gaEvent('company_search', 'list_info', 'title')"" target=""_blank"">현대제철(주)</a>","<a class=""link_employ"" href=""/zf_user/company-review/view?csn=Q3grSzdRbC9tUmRCSVV0ekVyd2ZsQT09"" onmousedown=""Common.gaEvent('company_search', 'list_info', 'recruit')"" target=""_blank"">채용중<span>2</span></a>","<div class=""text_info"">
<span>제철업</span>
<span>대기업,1000대기업</span>
<span>61년차</span>
<span>1,579명</span>
<span>서강현</span>
</div>",
"<a href=""/zf_user/company-review/view?csn=VkN6L0FvSTBVK2lzZ2lJZkY2R3dUQT09"" onmousedown=""Common.gaEvent('company_search', 'list_info', 'title')"" target=""_blank"">에스엘(주)</a>",,"<div class=""text_info"">
<span>자동차용 기타 신품 부품 제조업</span>
<span>중견기업</span>
<span>57년차</span>
<span>613명</span>
<span>이성엽/김한영</span>
</div>",
"<a href=""/zf_user/company-review/view?csn=TXVuV3ZMSlBFRGF4eXV4WkdXS24wQT09"" onmousedown=""Common.gaEvent('company_search', 'list_info', 'title')"" target=""_blank"">한국바스프(주)</a>","<a class=""link_employ"" href=""/zf_user/company-review/view?csn=TXVuV3ZMSlBFRGF4eXV4WkdXS24wQT09"" onmousedown=""Common.gaEvent('company_search', 'list_info', 'recruit')"" target=""_blank"">채용중<span>3</span></a>","<div class=""text_info"">
<span>석유화학계 기초 화학물질 제조업</span>
<span>대기업,1000대기업</span>
<span>37년차</span>
<span>1,032명</span>
<span>송준</span>
</div>",
"<a href=""/zf_user/company-review/view?csn=cEZPbTZCY0JiZHorL0hVSW5RdndQZz09"" onmousedown=""Common.gaEvent('company_search', 'list_info', 'title')"" target=""_blank"">(주)종근당바이오</a>","<a class=""link_employ"" href=""/zf_user/company-review/view?csn=cEZPbTZCY0JiZHorL0hVSW5RdndQZz09"" onmousedown=""Common.gaEvent('company_search', 'list_info', 'recruit')"" target=""_blank"">채용중<span>2</span></a>","<div class=""text_info"">
<span>완제 의약품 제조업</span>
<span>중견기업</span>
<span>24년차</span>
<span>491명</span>
<span>박완갑</span>
</div>",
"<a href=""/zf_user/company-review/view?csn=dE5rT2xDQW56R3hRM3R1dzg4QWhVUT09"" onmousedown=""Common.gaEvent('company_search', 'list_info', 'title')"" target=""_blank"">(주)컬리</a>","<a class=""link_employ"" href=""/zf_user/company-review/view?csn=dE5rT2xDQW56R3hRM3R1dzg4QWhVUT09"" onmousedown=""Common.gaEvent('company_search', 'list_info', 'recruit')"" target=""_blank"">채용중<span>47</span></a>","<div class=""text_info"">
<span>전자상거래 소매업</span>
<span>중소기업</span>
<span>11년차</span>
<span>2,617명</span>
<span>김슬아</span>
</div>",
"<a href=""/zf_user/company-review/view?csn=R1BBY0hvUy82SHlqcUJTUzBGZG8vdz09"" onmousedown=""Common.gaEvent('company_search', 'list_info', 'title')"" target=""_blank"">(주)성우하이텍</a>","<a class=""link_employ"" href=""/zf_user/company-review/view?csn=R1BBY0hvUy82SHlqcUJTUzBGZG8vdz09"" onmousedown=""Common.gaEvent('company_search', 'list_info', 'recruit')"" target=""_blank"">채용중<span>3</span></a>","<div class=""text_info"">
<span>자동차 차체용 신품 부품 제조업</span>
<span>중견기업</span>
<span>44년차</span>
<span>20명</span>
<span>이명근/이문용/조성현</span>
</div>",
"<a href=""/zf_user/company-review/view?csn=SjNOeE1FK2NkTnFvM0wvYzhwNU4vZz09"" onmousedown=""Common.gaEvent('company_search', 'list_info', 'title')"" target=""_blank"">한국수력원자력(주)</a>",,"<div class=""text_info"">
<span>원자력 발전업</span>
<span>대기업</span>
<span>24년차</span>
<span>12,691명</span>
<span>황주호</span>
</div>",
"<a href=""/zf_user/company-review/view?csn=RVVRNUtxblVZU08waUlEU0ZSVlVxdz09"" onmousedown=""Common.gaEvent('company_search', 'list_info', 'title')"" target=""_blank"">(주)카카오엔터테인먼트</a>","<a class=""link_employ"" href=""/zf_user/company-review/view?csn=RVVRNUtxblVZU08waUlEU0ZSVlVxdz09"" onmousedown=""Common.gaEvent('company_search', 'list_info', 'recruit')"" target=""_blank"">채용중<span>2</span></a>","<div class=""text_info"">
<span>응용 소프트웨어 개발 및 공급업</span>
<span>대기업</span>
<span>15년차</span>
<span>1,067명</span>
<span>권기수/장윤중</span>
</div>",
"<a href=""/zf_user/company-review/view?csn=bysrS0ZSb3F0LzZ4a0pRd05iQjdkdz09"" onmousedown=""Common.gaEvent('company_search', 'list_info', 'title')"" target=""_blank"">(주)유니에스</a>","<a class=""link_employ"" href=""/zf_user/company-review/view?csn=bysrS0ZSb3F0LzZ4a0pRd05iQjdkdz09"" onmousedown=""Common.gaEvent('company_search', 'list_info', 'recruit')"" target=""_blank"">채용중<span>66</span></a>","<div class=""text_info"">
<span>상용 인력 공급 및 인사관리 서비스업</span>
<span>중견기업</span>
<span>35년차</span>
<span>7,759명</span>
<span>이용훈</span>
</div>",
"<a href=""/zf_user/company-review/view?csn=WEROWnhzQktJZjl3bit2ZEp1a3NmQT09"" onmousedown=""Common.gaEvent('company_search', 'list_info', 'title')"" target=""_blank"">하이트진로(주)</a>",,"<div class=""text_info"">
<span>알코올음료 제조업</span>
<span>대기업,1000대기업</span>
<span>71년차</span>
<span>2,819명</span>
<span>김인규</span>
</div>",
"<a href=""/zf_user/company-review/view?csn=cWVVRmhTMmlTN3R2UkxSTGZIRkhrUT09"" onmousedown=""Common.gaEvent('company_search', 'list_info', 'title')"" target=""_blank"">삼성SDI(주)</a>",,"<div class=""text_info"">
<span>축전지 제조업</span>
<span>대기업,1000대기업</span>
<span>55년차</span>
<span>12,735명</span>
<span>최윤호</span>
</div>",
"<a href=""/zf_user/company-review/view?csn=RHlET1h6dks2d0VxT1VNU1cvbXpEQT09"" onmousedown=""Common.gaEvent('company_search', 'list_info', 'title')"" target=""_blank"">포스코홀딩스(주)</a>",,"<div class=""text_info"">
<span>제철업</span>
<span>대기업,1000대기업</span>
<span>57년차</span>
<span>729명</span>
<span>장인화/정기섭</span>
</div>",
"<a href=""/zf_user/company-review/view?csn=MENzOGRpRG1mamhBNmNGQmp2ZTZ1UT09"" onmousedown=""Common.gaEvent('company_search', 'list_info', 'title')"" target=""_blank"">(주)제이와이피엔터테인먼트</a>",,"<div class=""text_info"">
<span>음악 및 기타 오디오물 출판업</span>
<span>395명</span>
<span>정욱</span>
</div>",
"<a href=""/zf_user/company-review/view?csn=MjdvUGlOblhUVnZ2VlNxc3liNy9xQT09"" onmousedown=""Common.gaEvent('company_search', 'list_info', 'title')"" target=""_blank"">(주)경신</a>","<a class=""link_employ"" href=""/zf_user/company-review/view?csn=MjdvUGlOblhUVnZ2VlNxc3liNy9xQT09"" onmousedown=""Common.gaEvent('company_search', 'list_info', 'recruit')"" target=""_blank"">채용중<span>1</span></a>","<div class=""text_info"">
<span>자동차용 신품 전기장치 제조업</span>
<span>중견기업,1000대기업</span>
<span>51년차</span>
<span>917명</span>
<span>이승관/오가타요시유키/우루시바타켄이치/금우연</span>
</div>",
"<a href=""/zf_user/company-review/view?csn=a09FaG1BbDk2ZFJCTTdPT0Zkc1VQQT09"" onmousedown=""Common.gaEvent('company_search', 'list_info', 'title')"" target=""_blank"">(주)에스씨케이컴퍼니</a>",,"<div class=""text_info"">
<span>커피 전문점</span>
<span>대기업,1000대기업</span>
<span>28년차</span>
<span>21,867명</span>
<span>손정현</span>
</div>",
"<a href=""/zf_user/company-review/view?csn=eGxSYWJXZ1dQMUJ3cE8xSVNOUUlUUT09"" onmousedown=""Common.gaEvent('company_search', 'list_info', 'title')"" target=""_blank"">오스템임플란트(주)</a>","<a class=""link_employ"" href=""/zf_user/company-review/view?csn=eGxSYWJXZ1dQMUJ3cE8xSVNOUUlUUT09"" onmousedown=""Common.gaEvent('company_search', 'list_info', 'recruit')"" target=""_blank"">채용중<span>2</span></a>","<div class=""text_info"">
<span>치과용 기기 제조업</span>
<span>중견기업,1000대기업</span>
<span>28년차</span>
<span>2,236명</span>
<span>김해성</span>
</div>",
"<a href=""/zf_user/company-review/view?csn=dFR2Z29PZHRuY3dpTVErRVY5NzBRUT09"" onmousedown=""Common.gaEvent('company_search', 'list_info', 'title')"" target=""_blank"">아이비커리어(주)</a>","<a class=""link_employ"" href=""/zf_user/company-review/view?csn=dFR2Z29PZHRuY3dpTVErRVY5NzBRUT09"" onmousedown=""Common.gaEvent('company_search', 'list_info', 'recruit')"" target=""_blank"">채용중<span>109</span></a>","<div class=""text_info"">
<span>상용 인력 공급 및 인사관리 서비스업</span>
<span>중소기업</span>
<span>20년차</span>
<span>898명</span>
<span>황인범</span>
</div>",
"<a href=""/zf_user/company-review/view?csn=c2lFUFRSajU5SVhHa1laVWNOUVVldz09"" onmousedown=""Common.gaEvent('company_search', 'list_info', 'title')"" target=""_blank"">지에스건설(주)</a>","<a class=""link_employ"" href=""/zf_user/company-review/view?csn=c2lFUFRSajU5SVhHa1laVWNOUVVldz09"" onmousedown=""Common.gaEvent('company_search', 'list_info', 'recruit')"" target=""_blank"">채용중<span>9</span></a>","<div class=""text_info"">
<span>토목시설물 건설업</span>
<span>대기업,1000대기업</span>
<span>56년차</span>
<span>4,284명</span>
<span>허윤홍/허창수</span>
</div>",
"<a href=""/zf_user/company-review/view?csn=ei9KYXFOajFpSzFiSFBhRDdnZForZz09"" onmousedown=""Common.gaEvent('company_search', 'list_info', 'title')"" target=""_blank"">(주)유라코퍼레이션</a>","<a class=""link_employ"" href=""/zf_user/company-review/view?csn=ei9KYXFOajFpSzFiSFBhRDdnZForZz09"" onmousedown=""Common.gaEvent('company_search', 'list_info', 'recruit')"" target=""_blank"">채용중<span>2</span></a>","<div class=""text_info"">
<span>그 외 자동차용 신품 부품 제조업</span>
<span>중견기업</span>
<span>32년차</span>
<span>2,072명</span>
<span>엄대열</span>
</div>",
"<a href=""/zf_user/company-review/view?csn=UFhkdkRJOUV4T0orRFBYMWxZWG5GZz09"" onmousedown=""Common.gaEvent('company_search', 'list_info', 'title')"" target=""_blank"">(주)트랜스코스모스코리아</a>","<a class=""link_employ"" href=""/zf_user/company-review/view?csn=UFhkdkRJOUV4T0orRFBYMWxZWG5GZz09"" onmousedown=""Common.gaEvent('company_search', 'list_info', 'recruit')"" target=""_blank"">채용중<span>66</span></a>","<div class=""text_info"">
<span>콜센터 및 텔레마케팅 서비스업</span>
<span>중견기업</span>
<span>24년차</span>
<span>9,409명</span>
<span>타니히로유키</span>
</div>",
"<a href=""/zf_user/company-review/view?csn=aDN3MGdnRkRFaUYzVThNM1g0cUxpQT09"" onmousedown=""Common.gaEvent('company_search', 'list_info', 'title')"" target=""_blank"">(주)티웨이에어서비스</a>","<a class=""link_employ"" href=""/zf_user/company-review/view?csn=aDN3MGdnRkRFaUYzVThNM1g0cUxpQT09"" onmousedown=""Common.gaEvent('company_search', 'list_info', 'recruit')"" target=""_blank"">채용중<span>2</span></a>","<div class=""text_info"">
<span>기타 항공 운송지원 서비스업</span>
<span>중소기업</span>
<span>8년차</span>
<span>499명</span>
<span>최상원</span>
</div>",
"<a href=""/zf_user/company-review/view?csn=czZ2bkg3d1RqSFFkSXFEdjRiOURVZz09"" onmousedown=""Common.gaEvent('company_search', 'list_info', 'title')"" target=""_blank"">한화에어로스페이스(주)</a>","<a class=""link_employ"" href=""/zf_user/company-review/view?csn=czZ2bkg3d1RqSFFkSXFEdjRiOURVZz09"" onmousedown=""Common.gaEvent('company_search', 'list_info', 'recruit')"" target=""_blank"">채용중<span>1</span></a>","<div class=""text_info"">
<span>항공기용 부품 제조업</span>
<span>대기업,1000대기업</span>
<span>48년차</span>
<span>402명</span>
<span>손재일/김동관</span>
</div>",
"<a href=""/zf_user/company-review/view?csn=bnhNWW5ZRzh4RzMzdktGditTOTF0UT09"" onmousedown=""Common.gaEvent('company_search', 'list_info', 'title')"" target=""_blank"">(주)오뚜기</a>","<a class=""link_employ"" href=""/zf_user/company-review/view?csn=bnhNWW5ZRzh4RzMzdktGditTOTF0UT09"" onmousedown=""Common.gaEvent('company_search', 'list_info', 'recruit')"" target=""_blank"">채용중<span>2</span></a>","<div class=""text_info"">
<span>면류, 마카로니 및 유사식품 제조업</span>
<span>54년차</span>
<span>3,286명</span>
<span>함영준/황성만</span>
</div>",
"<a href=""/zf_user/company-review/view?csn=VzVXN1U1cHF0dHlwby82bk8rOUlyQT09"" onmousedown=""Common.gaEvent('company_search', 'list_info', 'title')"" target=""_blank"">엘지이노텍(주)</a>",,"<div class=""text_info"">
<span>그 외 기타 전자부품 제조업</span>
<span>대기업</span>
<span>49년차</span>
<span>15,713명</span>
<span>문혁수</span>
</div>",
"<a href=""/zf_user/company-review/view?csn=S3hYeG42MWtOSzNYQVgxalNnQlMydz09"" onmousedown=""Common.gaEvent('company_search', 'list_info', 'title')"" target=""_blank"">엘지디스플레이(주)</a>",,"<div class=""text_info"">
<span>액정 표시장치 제조업</span>
<span>대기업,1000대기업</span>
<span>40년차</span>
<span>25,788명</span>
<span>정철동</span>
</div>",
"<a href=""/zf_user/company-review/view?csn=dWs5L3czSTNKTnA1emZPaUp4S2FCUT09"" onmousedown=""Common.gaEvent('company_search', 'list_info', 'title')"" target=""_blank"">S-OIL(주)</a>","<a class=""link_employ"" href=""/zf_user/company-review/view?csn=dWs5L3czSTNKTnA1emZPaUp4S2FCUT09"" onmousedown=""Common.gaEvent('company_search', 'list_info', 'recruit')"" target=""_blank"">채용중<span>1</span></a>","<div class=""text_info"">
<span>원유 정제처리업</span>
<span>대기업,1000대기업</span>
<span>49년차</span>
<span>안와르에이알히즈아지</span>
</div>",
"<a href=""/zf_user/company-review/view?csn=ZkFWZ1JJR0Fudmd3eER6QzN1SE1Edz09"" onmousedown=""Common.gaEvent('company_search', 'list_info', 'title')"" target=""_blank"">(주)야놀자</a>","<a class=""link_employ"" href=""/zf_user/company-review/view?csn=ZkFWZ1JJR0Fudmd3eER6QzN1SE1Edz09"" onmousedown=""Common.gaEvent('company_search', 'list_info', 'recruit')"" target=""_blank"">채용중<span>39</span></a>","<div class=""text_info"">
<span>데이터베이스 및 온라인정보 제공업</span>
<span>중견기업,스타트업</span>
<span>18년차</span>
<span>908명</span>
<span>이수진</span>
</div>",
"<a href=""/zf_user/company-review/view?csn=MGJ0Q0ZER3BnMjlsdzdXSm9uaFM5QT09"" onmousedown=""Common.gaEvent('company_search', 'list_info', 'title')"" target=""_blank"">(주)서연이화</a>",,"<div class=""text_info"">
<span>자동차 차체용 신품 부품 제조업</span>
<span>중견기업,1000대기업</span>
<span>11년차</span>
<span>358명</span>
<span>강용석</span>
</div>",
"<a href=""/zf_user/company-review/view?csn=djg1V0JwRUJRK1J4Z2Y0bFcxQkUxdz09"" onmousedown=""Common.gaEvent('company_search', 'list_info', 'title')"" target=""_blank"">(주)바디프랜드</a>","<a class=""link_employ"" href=""/zf_user/company-review/view?csn=djg1V0JwRUJRK1J4Z2Y0bFcxQkUxdz09"" onmousedown=""Common.gaEvent('company_search', 'list_info', 'recruit')"" target=""_blank"">채용중<span>10</span></a>","<div class=""text_info"">
<span>그 외 기타 의료용 기기 제조업</span>
<span>중견기업,1000대기업</span>
<span>18년차</span>
<span>893명</span>
<span>김흥석/지성규</span>
</div>",
"<a href=""/zf_user/company-review/view?csn=Wm5sVDd5dlZoQktsUHd1Y0IxYk85UT09"" onmousedown=""Common.gaEvent('company_search', 'list_info', 'title')"" target=""_blank"">(주)키스템프그룹</a>","<a class=""link_employ"" href=""/zf_user/company-review/view?csn=Wm5sVDd5dlZoQktsUHd1Y0IxYk85UT09"" onmousedown=""Common.gaEvent('company_search', 'list_info', 'recruit')"" target=""_blank"">채용중<span>454</span></a>","<div class=""text_info"">
<span>상용 인력 공급 및 인사관리 서비스업</span>
<span>중소기업</span>
<span>19년차</span>
<span>1,308명</span>
<span>이정호</span>
</div>",
"<a href=""/zf_user/company-review/view?csn=R3ZETXJEcnIzTDRUWGNCU2k0Q05kdz09"" onmousedown=""Common.gaEvent('company_search', 'list_info', 'title')"" target=""_blank"">온세미컨덕터코리아(주)</a>","<a class=""link_employ"" href=""/zf_user/company-review/view?csn=R3ZETXJEcnIzTDRUWGNCU2k0Q05kdz09"" onmousedown=""Common.gaEvent('company_search', 'list_info', 'recruit')"" target=""_blank"">채용중<span>2</span></a>","<div class=""text_info"">
<span>기타 반도체소자 제조업</span>
<span>27년차</span>
<span>2,012명</span>
<span>강병곤/리밍왕</span>
</div>",
"<a href=""/zf_user/company-review/view?csn=bm03V2NuUkhIRG0zaFJFUlY1eXJuQT09"" onmousedown=""Common.gaEvent('company_search', 'list_info', 'title')"" target=""_blank"">(주)풀무원</a>","<a class=""link_employ"" href=""/zf_user/company-review/view?csn=bm03V2NuUkhIRG0zaFJFUlY1eXJuQT09"" onmousedown=""Common.gaEvent('company_search', 'list_info', 'recruit')"" target=""_blank"">채용중<span>3</span></a>","<div class=""text_info"">
<span>그 외 기타 식료품 제조업</span>
<span>중견기업</span>
<span>41년차</span>
<span>509명</span>
<span>이효율</span>
</div>",
"<a href=""/zf_user/company-review/view?csn=L2Voc2RtTVRTSFU4ODhlMExkL3VEUT09"" onmousedown=""Common.gaEvent('company_search', 'list_info', 'title')"" target=""_blank"">(주)티웨이항공</a>",,"<div class=""text_info"">
<span>항공 여객 운송업</span>
<span>중견기업</span>
<span>22년차</span>
<span>2,939명</span>
<span>정홍근</span>
</div>",
"<a href=""/zf_user/company-review/view?csn=YjVkek9iMERCd016Z0VrUHJYY2pJQT09"" onmousedown=""Common.gaEvent('company_search', 'list_info', 'title')"" target=""_blank"">대상(주)</a>","<a class=""link_employ"" href=""/zf_user/company-review/view?csn=YjVkek9iMERCd016Z0VrUHJYY2pJQT09"" onmousedown=""Common.gaEvent('company_search', 'list_info', 'recruit')"" target=""_blank"">채용중<span>10</span></a>","<div class=""text_info"">
<span>전분제품 및 당류 제조업</span>
<span>69년차</span>
<span>5,129명</span>
<span>임정배</span>
</div>",
"<a href=""/zf_user/company-review/view?csn=dzV1eHl1SFo2M3RVR1BsbXNtdDNRQT09"" onmousedown=""Common.gaEvent('company_search', 'list_info', 'title')"" target=""_blank"">(주)DB하이텍</a>","<a class=""link_employ"" href=""/zf_user/company-review/view?csn=dzV1eHl1SFo2M3RVR1BsbXNtdDNRQT09"" onmousedown=""Common.gaEvent('company_search', 'list_info', 'recruit')"" target=""_blank"">채용중<span>2</span></a>","<div class=""text_info"">
<span>비메모리용 및 기타 전자집적회로 제조업</span>
<span>대기업,1000대기업</span>
<span>72년차</span>
<span>2,023명</span>
<span>조기석</span>
</div>",
"<a href=""/zf_user/company-review/view?csn=ZHJra3hoeHJUd3l4TS9adVk5MnhsQT09"" onmousedown=""Common.gaEvent('company_search', 'list_info', 'title')"" target=""_blank"">한미반도체(주)</a>","<a class=""link_employ"" href=""/zf_user/company-review/view?csn=ZHJra3hoeHJUd3l4TS9adVk5MnhsQT09"" onmousedown=""Common.gaEvent('company_search', 'list_info', 'recruit')"" target=""_blank"">채용중<span>3</span></a>","<div class=""text_info"">
<span>반도체 제조용 기계 제조업</span>
<span>중견기업</span>
<span>45년차</span>
<span>673명</span>
<span>곽동신</span>
</div>",
"<a href=""/zf_user/company-review/view?csn=cVpTb2FVOXUveWpBUzJsc0JJRjVhQT09"" onmousedown=""Common.gaEvent('company_search', 'list_info', 'title')"" target=""_blank"">(주)더블유컨셉코리아</a>",,"<div class=""text_info"">
<span>전자상거래 소매업</span>
<span>대기업</span>
<span>17년차</span>
<span>221명</span>
<span>이주철</span>
</div>",
"<a href=""/zf_user/company-review/view?csn=UVN1SitrdEJwUWRadXlyRDlQRDVuZz09"" onmousedown=""Common.gaEvent('company_search', 'list_info', 'title')"" target=""_blank"">(주)포스코이앤씨</a>","<a class=""link_employ"" href=""/zf_user/company-review/view?csn=UVN1SitrdEJwUWRadXlyRDlQRDVuZz09"" onmousedown=""Common.gaEvent('company_search', 'list_info', 'recruit')"" target=""_blank"">채용중<span>3</span></a>","<div class=""text_info"">
<span>종합 건설업</span>
<span>대기업,1000대기업</span>
<span>43년차</span>
<span>5,920명</span>
<span>전중선</span>
</div>",
"<a href=""/zf_user/company-review/view?csn=TVUrT2lHWkZvZGZWU1RmQ2N6K1RMQT09"" onmousedown=""Common.gaEvent('company_search', 'list_info', 'title')"" target=""_blank"">현대오토에버(주)</a>","<a class=""link_employ"" href=""/zf_user/company-review/view?csn=TVUrT2lHWkZvZGZWU1RmQ2N6K1RMQT09"" onmousedown=""Common.gaEvent('company_search', 'list_info', 'recruit')"" target=""_blank"">채용중<span>44</span></a>","<div class=""text_info"">
<span>응용 소프트웨어 개발 및 공급업</span>
<span>대기업,1000대기업</span>
<span>25년차</span>
<span>5,307명</span>
<span>김윤구</span>
</div>",
"<a href=""/zf_user/company-review/view?csn=Z3FZVWxIV3FGNTNpWTBUT1ZneHV5UT09"" onmousedown=""Common.gaEvent('company_search', 'list_info', 'title')"" target=""_blank"">신라에이치엠(주)</a>","<a class=""link_employ"" href=""/zf_user/company-review/view?csn=Z3FZVWxIV3FGNTNpWTBUT1ZneHV5UT09"" onmousedown=""Common.gaEvent('company_search', 'list_info', 'recruit')"" target=""_blank"">채용중<span>5</span></a>","<div class=""text_info"">
<span>호텔업</span>
<span>대기업</span>
<span>11년차</span>
<span>644명</span>
<span>박상오</span>
</div>",
"<a href=""/zf_user/company-review/view?csn=UWtLRDBKS2NTV1JUcXVuOUN0RURvdz09"" onmousedown=""Common.gaEvent('company_search', 'list_info', 'title')"" target=""_blank"">현대트랜시스(주)</a>","<a class=""link_employ"" href=""/zf_user/company-review/view?csn=UWtLRDBKS2NTV1JUcXVuOUN0RURvdz09"" onmousedown=""Common.gaEvent('company_search', 'list_info', 'recruit')"" target=""_blank"">채용중<span>3</span></a>","<div class=""text_info"">
<span>그 외 자동차용 신품 부품 제조업</span>
<span>대기업,1000대기업</span>
<span>26년차</span>
<span>4,136명</span>
<span>이상흔</span>
</div>",
"<a href=""/zf_user/company-review/view?csn=U2NMdGpIQlJNUDdPK0dCZ0lQWUxkUT09"" onmousedown=""Common.gaEvent('company_search', 'list_info', 'title')"" target=""_blank"">(주)신세계푸드</a>",,"<div class=""text_info"">
<span>기관 구내식당업</span>
<span>대기업,1000대기업</span>
<span>46년차</span>
<span>3,257명</span>
<span>송현석</span>
</div>",
"<a href=""/zf_user/company-review/view?csn=aWY1bFVDNTIxalVMWDN6WXZZWE1jUT09"" onmousedown=""Common.gaEvent('company_search', 'list_info', 'title')"" target=""_blank"">(주)씨티알</a>","<a class=""link_employ"" href=""/zf_user/company-review/view?csn=aWY1bFVDNTIxalVMWDN6WXZZWE1jUT09"" onmousedown=""Common.gaEvent('company_search', 'list_info', 'recruit')"" target=""_blank"">채용중<span>7</span></a>","<div class=""text_info"">
<span>그 외 자동차용 신품 부품 제조업</span>
<span>중견기업,1000대기업</span>
<span>54년차</span>
<span>557명</span>
<span>윤용호/이호영</span>
</div>",
"<a href=""/zf_user/company-review/view?csn=eFN2TGwybFErZHBza0Nkb09ld1B6UT09"" onmousedown=""Common.gaEvent('company_search', 'list_info', 'title')"" target=""_blank"">(주)넥슨코리아</a>",,"<div class=""text_info"">
<span>유선 온라인 게임 소프트웨어 개발 및 공급업</span>
<span>대기업,1000대기업</span>
<span>20년차</span>
<span>3,883명</span>
<span>강대현/김정욱</span>
</div>",
"<a href=""/zf_user/company-review/view?csn=ZEpWNXI2MmR1MFc0L3k1R2pQOWlzUT09"" onmousedown=""Common.gaEvent('company_search', 'list_info', 'title')"" target=""_blank"">(주)포스코퓨처엠</a>",,"<div class=""text_info"">
<span>축전지 제조업</span>
<span>대기업,1000대기업</span>
<span>54년차</span>
<span>2,862명</span>
<span>유병옥</span>
</div>",
"<a href=""/zf_user/company-review/view?csn=YXdOZVpVUFlMbkoxVXRNdHBRSjd0QT09"" onmousedown=""Common.gaEvent('company_search', 'list_info', 'title')"" target=""_blank"">(주)에프에스티</a>","<a class=""link_employ"" href=""/zf_user/company-review/view?csn=YXdOZVpVUFlMbkoxVXRNdHBRSjd0QT09"" onmousedown=""Common.gaEvent('company_search', 'list_info', 'recruit')"" target=""_blank"">채용중<span>4</span></a>","<div class=""text_info"">
<span>전자감지장치 제조업</span>
<span>38년차</span>
<span>764명</span>
<span>장경빈</span>
</div>",
"<a href=""/zf_user/company-review/view?csn=emRvNUErOUlwc0poQzB1dENxL24xZz09"" onmousedown=""Common.gaEvent('company_search', 'list_info', 'title')"" target=""_blank"">(주)케이티앤지</a>",,"<div class=""text_info"">
<span>담배 제조업</span>
<span>대기업,1000대기업</span>
<span>28년차</span>
<span>4,151명</span>
<span>방경만</span>
</div>",
"<a href=""/zf_user/company-review/view?csn=YTNCWG1veC9XY3AzaFNIKyt5RlE2dz09"" onmousedown=""Common.gaEvent('company_search', 'list_info', 'title')"" target=""_blank"">(주)한화</a>","<a class=""link_employ"" href=""/zf_user/company-review/view?csn=YTNCWG1veC9XY3AzaFNIKyt5RlE2dz09"" onmousedown=""Common.gaEvent('company_search', 'list_info', 'recruit')"" target=""_blank"">채용중<span>19</span></a>","<div class=""text_info"">
<span>화약 및 불꽃제품 제조업</span>
<span>대기업,1000대기업</span>
<span>73년차</span>
<span>942명</span>
<span>김동관/김승모/양기원</span>
</div>",
"<a href=""/zf_user/company-review/view?csn=bUlqRDYreVNxbWRCb0lxaGNEZzVnUT09"" onmousedown=""Common.gaEvent('company_search', 'list_info', 'title')"" target=""_blank"">케이엘에이텐코코리아(주)</a>",,"<div class=""text_info"">
<span>기타 산업용 기계 및 장비 도매업</span>
<span>32년차</span>
<span>782명</span>
<span>김양형/브렌더글라스히긴스</span>
</div>",
"<a href=""/zf_user/company-review/view?csn=RVZJWjc4RVo4M0U5ajVQa3hvTkM0Zz09"" onmousedown=""Common.gaEvent('company_search', 'list_info', 'title')"" target=""_blank"">(주)한독</a>","<a class=""link_employ"" href=""/zf_user/company-review/view?csn=RVZJWjc4RVo4M0U5ajVQa3hvTkM0Zz09"" onmousedown=""Common.gaEvent('company_search', 'list_info', 'recruit')"" target=""_blank"">채용중<span>1</span></a>","<div class=""text_info"">
<span>완제 의약품 제조업</span>
<span>중견기업</span>
<span>67년차</span>
<span>976명</span>
<span>김영진/백진기</span>
</div>",
"<a href=""/zf_user/company-review/view?csn=S1AzblY4U3pMTnQ5UFBONmFBVTMwZz09"" onmousedown=""Common.gaEvent('company_search', 'list_info', 'title')"" target=""_blank"">(주)진에어</a>",,"<div class=""text_info"">
<span>항공 여객 운송업</span>
<span>대기업,1000대기업</span>
<span>17년차</span>
<span>2,010명</span>
<span>박병률</span>
</div>",
"<a href=""/zf_user/company-review/view?csn=MnhOT040THNtRnJPTTkzMWp4MXZTZz09"" onmousedown=""Common.gaEvent('company_search', 'list_info', 'title')"" target=""_blank"">도레이첨단소재(주)</a>",,"<div class=""text_info"">
<span>플라스틱 필름 제조업</span>
<span>대기업,1000대기업</span>
<span>26년차</span>
<span>1,846명</span>
<span>김영섭</span>
</div>",
"<a href=""/zf_user/company-review/view?csn=dGRyVHZPbStVVnkzM2VLS2pleE1WUT09"" onmousedown=""Common.gaEvent('company_search', 'list_info', 'title')"" target=""_blank"">지에스칼텍스(주)</a>",,"<div class=""text_info"">
<span>원유 정제처리업</span>
<span>대기업,1000대기업</span>
<span>58년차</span>
<span>3,173명</span>
<span>허세홍/김성민</span>
</div>",
"<a href=""/zf_user/company-review/view?csn=S0U3cmE3anYzUkRwd2x2Y25ic1grZz09"" onmousedown=""Common.gaEvent('company_search', 'list_info', 'title')"" target=""_blank"">히타치하이테크코리아(주)</a>","<a class=""link_employ"" href=""/zf_user/company-review/view?csn=S0U3cmE3anYzUkRwd2x2Y25ic1grZz09"" onmousedown=""Common.gaEvent('company_search', 'list_info', 'recruit')"" target=""_blank"">채용중<span>1</span></a>","<div class=""text_info"">
<span>상품 종합 도매업</span>
<span>중소기업</span>
<span>20년차</span>
<span>409명</span>
<span>마츠오카에이지</span>
</div>",
"<a href=""/zf_user/company-review/view?csn=M0ZwS0Uvc0VLbTgzTUpUcWd4YXBuZz09"" onmousedown=""Common.gaEvent('company_search', 'list_info', 'title')"" target=""_blank"">에이치디현대오일뱅크(주)</a>",,"<div class=""text_info"">
<span>원유 정제처리업</span>
<span>대기업,1000대기업</span>
<span>61년차</span>
<span>1,326명</span>
<span>주영민</span>
</div>",
"<a href=""/zf_user/company-review/view?csn=RDVuVzVBVm00M1NScmkrN2dzUVFwZz09"" onmousedown=""Common.gaEvent('company_search', 'list_info', 'title')"" target=""_blank"">에드워드코리아(주)</a>","<a class=""link_employ"" href=""/zf_user/company-review/view?csn=RDVuVzVBVm00M1NScmkrN2dzUVFwZz09"" onmousedown=""Common.gaEvent('company_search', 'list_info', 'recruit')"" target=""_blank"">채용중<span>9</span></a>","<div class=""text_info"">
<span>그 외 기타 전자부품 제조업</span>
<span>33년차</span>
<span>1,575명</span>
<span>윤제이슨재홍</span>
</div>",
"<a href=""/zf_user/company-review/view?csn=M09hZ0V5QVdZRFZ4V2hUNkZ5anZ2Zz09"" onmousedown=""Common.gaEvent('company_search', 'list_info', 'title')"" target=""_blank"">엔에이치엔(주)</a>","<a class=""link_employ"" href=""/zf_user/company-review/view?csn=M09hZ0V5QVdZRFZ4V2hUNkZ5anZ2Zz09"" onmousedown=""Common.gaEvent('company_search', 'list_info', 'recruit')"" target=""_blank"">채용중<span>34</span></a>","<div class=""text_info"">
<span>유선 온라인 게임 소프트웨어 개발 및 공급업</span>
<span>대기업</span>
<span>12년차</span>
<span>848명</span>
<span>정우진</span>
</div>",
"<a href=""/zf_user/company-review/view?csn=dXdnbzRLUktMeGZDMWVxMkVIR3dldz09"" onmousedown=""Common.gaEvent('company_search', 'list_info', 'title')"" target=""_blank"">(주)세스코</a>","<a class=""link_employ"" href=""/zf_user/company-review/view?csn=dXdnbzRLUktMeGZDMWVxMkVIR3dldz09"" onmousedown=""Common.gaEvent('company_search', 'list_info', 'recruit')"" target=""_blank"">채용중<span>88</span></a>","<div class=""text_info"">
<span>소독, 구충 및 방제 서비스업</span>
<span>중견기업,1000대기업</span>
<span>49년차</span>
<span>3,385명</span>
<span>전찬혁</span>
</div>",
"<a href=""/zf_user/company-review/view?csn=TW41VTNsbDkzR1Z0S0ZzZmhyOUZvUT09"" onmousedown=""Common.gaEvent('company_search', 'list_info', 'title')"" target=""_blank"">(주)LF</a>",,"<div class=""text_info"">
<span>남자용 겉옷 제조업</span>
<span>중견기업,1000대기업</span>
<span>19년차</span>
<span>972명</span>
<span>오규식/김상균</span>
</div>",
"<a href=""/zf_user/company-review/view?csn=MmJvWHlHSlZoTHJiaDRqVG9CSU9Ydz09"" onmousedown=""Common.gaEvent('company_search', 'list_info', 'title')"" target=""_blank"">(주)메디톡스</a>",,"<div class=""text_info"">
<span>생물학적 제제 제조업</span>
<span>중견기업</span>
<span>25년차</span>
<span>746명</span>
<span>정현호</span>
</div>",
"<a href=""/zf_user/company-review/view?csn=ZGlINXJzREZNaW5YZG1hSG5tSWovUT09"" onmousedown=""Common.gaEvent('company_search', 'list_info', 'title')"" target=""_blank"">(주)마이다스아이티</a>",,"<div class=""text_info"">
<span>응용 소프트웨어 개발 및 공급업</span>
<span>25년차</span>
<span>266명</span>
<span>정승식/정선태</span>
</div>",
"<a href=""/zf_user/company-review/view?csn=dEVyWTNaT0ZDeWNUZzAwUjA1a1JPUT09"" onmousedown=""Common.gaEvent('company_search', 'list_info', 'title')"" target=""_blank"">한화호텔앤드리조트(주)</a>","<a class=""link_employ"" href=""/zf_user/company-review/view?csn=dEVyWTNaT0ZDeWNUZzAwUjA1a1JPUT09"" onmousedown=""Common.gaEvent('company_search', 'list_info', 'recruit')"" target=""_blank"">채용중<span>20</span></a>","<div class=""text_info"">
<span>휴양콘도 운영업</span>
<span>대기업,1000대기업</span>
<span>46년차</span>
<span>305명</span>
<span>김형조</span>
</div>",
"<a href=""/zf_user/company-review/view?csn=RmpaVzFUVWZJeXN5dHY1MEl3T0tGQT09"" onmousedown=""Common.gaEvent('company_search', 'list_info', 'title')"" target=""_blank"">(주)대동</a>",,"<div class=""text_info"">
<span>농업 및 임업용 기계 제조업</span>
<span>중견기업,1000대기업</span>
<span>78년차</span>
<span>1,004명</span>
<span>김준식/원유현</span>
</div>",
"<a href=""/zf_user/company-review/view?csn=MDdnMU4ybm1KaXhYdmY4d3hBcEJsUT09"" onmousedown=""Common.gaEvent('company_search', 'list_info', 'title')"" target=""_blank"">데상트코리아(주)</a>","<a class=""link_employ"" href=""/zf_user/company-review/view?csn=MDdnMU4ybm1KaXhYdmY4d3hBcEJsUT09"" onmousedown=""Common.gaEvent('company_search', 'list_info', 'recruit')"" target=""_blank"">채용중<span>2</span></a>","<div class=""text_info"">
<span>남녀용 겉옷 및 셔츠 도매업</span>
<span>중견기업,1000대기업</span>
<span>25년차</span>
<span>532명</span>
<span>시미즈모토나리</span>
</div>",
"<a href=""/zf_user/company-review/view?csn=Smx4T3NjYkQzVGZuM25PSFdEY29BQT09"" onmousedown=""Common.gaEvent('company_search', 'list_info', 'title')"" target=""_blank"">(주)바이넥스</a>","<a class=""link_employ"" href=""/zf_user/company-review/view?csn=Smx4T3NjYkQzVGZuM25PSFdEY29BQT09"" onmousedown=""Common.gaEvent('company_search', 'list_info', 'recruit')"" target=""_blank"">채용중<span>8</span></a>","<div class=""text_info"">
<span>완제 의약품 제조업</span>
<span>40년차</span>
<span>626명</span>
<span>이혁종</span>
</div>",
"<a href=""/zf_user/company-review/view?csn=YklvOEU4NHk2UkVJdDQrZzNFcE11UT09"" onmousedown=""Common.gaEvent('company_search', 'list_info', 'title')"" target=""_blank"">(주)더본코리아</a>","<a class=""link_employ"" href=""/zf_user/company-review/view?csn=YklvOEU4NHk2UkVJdDQrZzNFcE11UT09"" onmousedown=""Common.gaEvent('company_search', 'list_info', 'recruit')"" target=""_blank"">채용중<span>3</span></a>","<div class=""text_info"">
<span>상품 종합 도매업</span>
<span>중견기업</span>
<span>31년차</span>
<span>353명</span>
<span>강석원/백종원</span>
</div>",
"<a href=""/zf_user/company-review/view?csn=SW1nWDBoY2UyR3F4Nm0rNnZtSUtIQT09"" onmousedown=""Common.gaEvent('company_search', 'list_info', 'title')"" target=""_blank"">(주)티몬</a>",,"<div class=""text_info"">
<span>전자상거래 소매 중개업</span>
<span>15년차</span>
<span>193명</span>
<span>류광진</span>
</div>",
"<a href=""/zf_user/company-review/view?csn=OWYxVUpPUXJKaVBIR3NWRnJNMWo4dz09"" onmousedown=""Common.gaEvent('company_search', 'list_info', 'title')"" target=""_blank"">(주)시몬스</a>","<a class=""link_employ"" href=""/zf_user/company-review/view?csn=OWYxVUpPUXJKaVBIR3NWRnJNMWo4dz09"" onmousedown=""Common.gaEvent('company_search', 'list_info', 'recruit')"" target=""_blank"">채용중<span>1</span></a>","<div class=""text_info"">
<span>매트리스 및 침대 제조업</span>
<span>중견기업</span>
<span>33년차</span>
<span>641명</span>
<span>안정호</span>
</div>",
"<a href=""/zf_user/company-review/view?csn=aS84NVlLNVlVVjlGNjczSnphOGh2dz09"" onmousedown=""Common.gaEvent('company_search', 'list_info', 'title')"" target=""_blank"">(주)효성</a>",,"<div class=""text_info"">
<span>지주회사</span>
<span>대기업,1000대기업</span>
<span>68년차</span>
<span>262명</span>
<span>조현준/김규영</span>
</div>",
"<a href=""/zf_user/company-review/view?csn=OWdMMlNuUFNBd0Y2ZDFSUUhpYjh4dz09"" onmousedown=""Common.gaEvent('company_search', 'list_info', 'title')"" target=""_blank"">(주)러쉬코리아</a>","<a class=""link_employ"" href=""/zf_user/company-review/view?csn=OWdMMlNuUFNBd0Y2ZDFSUUhpYjh4dz09"" onmousedown=""Common.gaEvent('company_search', 'list_info', 'recruit')"" target=""_blank"">채용중<span>4</span></a>","<div class=""text_info"">
<span>화장품, 비누 및 방향제 소매업</span>
<span>중소기업</span>
<span>23년차</span>
<span>487명</span>
<span>우미령</span>
</div>",
"<a href=""/zf_user/company-review/view?csn=dktsQ1hPamNkYTR6UURCaFlxdzVkQT09"" onmousedown=""Common.gaEvent('company_search', 'list_info', 'title')"" target=""_blank"">(주)스타쉽엔터테인먼트</a>","<a class=""link_employ"" href=""/zf_user/company-review/view?csn=dktsQ1hPamNkYTR6UURCaFlxdzVkQT09"" onmousedown=""Common.gaEvent('company_search', 'list_info', 'recruit')"" target=""_blank"">채용중<span>3</span></a>","<div class=""text_info"">
<span>매니저업</span>
<span>대기업</span>
<span>17년차</span>
<span>172명</span>
<span>이진성/이훈희</span>
</div>",
"<a href=""/zf_user/company-review/view?csn=K3FiM2txVTNxSk5lVm5hSDBnV1RCZz09"" onmousedown=""Common.gaEvent('company_search', 'list_info', 'title')"" target=""_blank"">에이치케이이노엔(주)</a>","<a class=""link_employ"" href=""/zf_user/company-review/view?csn=K3FiM2txVTNxSk5lVm5hSDBnV1RCZz09"" onmousedown=""Common.gaEvent('company_search', 'list_info', 'recruit')"" target=""_blank"">채용중<span>1</span></a>","<div class=""text_info"">
<span>완제 의약품 제조업</span>
<span>대기업,1000대기업</span>
<span>11년차</span>
<span>1,714명</span>
<span>곽달원</span>
</div>",
"<a href=""/zf_user/company-review/view?csn=ckFlRXIvbmlNUVl6a3R2RTcyR0hPZz09"" onmousedown=""Common.gaEvent('company_search', 'list_info', 'title')"" target=""_blank"">에어부산(주)</a>",,"<div class=""text_info"">
<span>항공 여객 운송업</span>
<span>대기업</span>
<span>18년차</span>
<span>1,198명</span>
<span>두성국</span>
</div>",
"<a href=""/zf_user/company-review/view?csn=dTl4Y0FFSUo5ancxVkZiQ2NDeVRkQT09"" onmousedown=""Common.gaEvent('company_search', 'list_info', 'title')"" target=""_blank"">한전KPS(주)</a>",,"<div class=""text_info"">
<span>일반전기 공사업</span>
<span>대기업</span>
<span>41년차</span>
<span>6,083명</span>
<span>김홍연</span>
</div>",
"<a href=""/zf_user/company-review/view?csn=MHRzMm5vVkV0L252UmN1NDlKRjVQQT09"" onmousedown=""Common.gaEvent('company_search', 'list_info', 'title')"" target=""_blank"">(주)제주항공</a>","<a class=""link_employ"" href=""/zf_user/company-review/view?csn=MHRzMm5vVkV0L252UmN1NDlKRjVQQT09"" onmousedown=""Common.gaEvent('company_search', 'list_info', 'recruit')"" target=""_blank"">채용중<span>1</span></a>","<div class=""text_info"">
<span>항공 여객 운송업</span>
<span>중견기업,1000대기업</span>
<span>20년차</span>
<span>2,739명</span>
<span>김이배</span>
</div>",
"<a href=""/zf_user/company-review/view?csn=ZVhKcytZajNrdmdxVUluTnllSVArUT09"" onmousedown=""Common.gaEvent('company_search', 'list_info', 'title')"" target=""_blank"">상신브레이크(주)</a>",,"<div class=""text_info"">
<span>자동차용 신품 제동장치 제조업</span>
<span>중견기업,1000대기업</span>
<span>50년차</span>
<span>594명</span>
<span>박세종</span>
</div>",
"<a href=""/zf_user/company-review/view?csn=U0dVcGtWbXI4T0s2MlhCS2FjK0RqZz09"" onmousedown=""Common.gaEvent('company_search', 'list_info', 'title')"" target=""_blank"">캐논코리아(주)</a>","<a class=""link_employ"" href=""/zf_user/company-review/view?csn=U0dVcGtWbXI4T0s2MlhCS2FjK0RqZz09"" onmousedown=""Common.gaEvent('company_search', 'list_info', 'recruit')"" target=""_blank"">채용중<span>1</span></a>","<div class=""text_info"">
<span>사무용 기계 및 장비 제조업</span>
<span>대기업,1000대기업</span>
<span>40년차</span>
<span>1,283명</span>
<span>박정우/코시미즈요시유키</span>
</div>",
"<a href=""/zf_user/company-review/view?csn=U2d0VVJDeHdjdVo2MnZyWmhSOXpCdz09"" onmousedown=""Common.gaEvent('company_search', 'list_info', 'title')"" target=""_blank"">유니셈(주)</a>","<a class=""link_employ"" href=""/zf_user/company-review/view?csn=U2d0VVJDeHdjdVo2MnZyWmhSOXpCdz09"" onmousedown=""Common.gaEvent('company_search', 'list_info', 'recruit')"" target=""_blank"">채용중<span>5</span></a>","<div class=""text_info"">
<span>반도체 제조용 기계 제조업</span>
<span>중견기업</span>
<span>29년차</span>
<span>777명</span>
<span>김형균/이양구</span>
</div>",
"<a href=""/zf_user/company-review/view?csn=ekZ1a1grSWwrUjg0b1haVXpNRWtMZz09"" onmousedown=""Common.gaEvent('company_search', 'list_info', 'title')"" target=""_blank"">한국에스지에스(주)</a>","<a class=""link_employ"" href=""/zf_user/company-review/view?csn=ekZ1a1grSWwrUjg0b1haVXpNRWtMZz09"" onmousedown=""Common.gaEvent('company_search', 'list_info', 'recruit')"" target=""_blank"">채용중<span>6</span></a>","<div class=""text_info"">
<span>물질성분 검사 및 분석업</span>
<span>46년차</span>
<span>1,027명</span>
<span>이인섭</span>
</div>",
"<a href=""/zf_user/company-review/view?csn=c0duSVlLS2lqZWhUenpBQS9MZDYrdz09"" onmousedown=""Common.gaEvent('company_search', 'list_info', 'title')"" target=""_blank"">리디(주)</a>","<a class=""link_employ"" href=""/zf_user/company-review/view?csn=c0duSVlLS2lqZWhUenpBQS9MZDYrdz09"" onmousedown=""Common.gaEvent('company_search', 'list_info', 'recruit')"" target=""_blank"">채용중<span>20</span></a>","<div class=""text_info"">
<span>응용 소프트웨어 개발 및 공급업</span>
<span>중견기업</span>
<span>17년차</span>
<span>433명</span>
<span>배기식</span>
</div>",
"<a href=""/zf_user/company-review/view?csn=S0tTN2FSM1hkdXhvSWc3UGZGYlZFdz09"" onmousedown=""Common.gaEvent('company_search', 'list_info', 'title')"" target=""_blank"">코스맥스엔비티(주)</a>","<a class=""link_employ"" href=""/zf_user/company-review/view?csn=S0tTN2FSM1hkdXhvSWc3UGZGYlZFdz09"" onmousedown=""Common.gaEvent('company_search', 'list_info', 'recruit')"" target=""_blank"">채용중<span>9</span></a>","<div class=""text_info"">
<span>건강기능식품 제조업</span>
<span>중견기업</span>
<span>24년차</span>
<span>586명</span>
<span>윤원일</span>
</div>",
"<a href=""/zf_user/company-review/view?csn=RmFqekpudTR6TmxydHFoTkFmMFRYdz09"" onmousedown=""Common.gaEvent('company_search', 'list_info', 'title')"" target=""_blank"">(주)카카오뱅크</a>","<a class=""link_employ"" href=""/zf_user/company-review/view?csn=RmFqekpudTR6TmxydHFoTkFmMFRYdz09"" onmousedown=""Common.gaEvent('company_search', 'list_info', 'recruit')"" target=""_blank"">채용중<span>5</span></a>","<div class=""text_info"">
<span>국내은행</span>
<span>대기업</span>
<span>9년차</span>
<span>1,599명</span>
<span>윤호영</span>
</div>",
"<a href=""/zf_user/company-review/view?csn=Tm8wYWtTYkQ1K01URW41Q0wrUi9IUT09"" onmousedown=""Common.gaEvent('company_search', 'list_info', 'title')"" target=""_blank"">삼양식품(주)</a>","<a class=""link_employ"" href=""/zf_user/company-review/view?csn=Tm8wYWtTYkQ1K01URW41Q0wrUi9IUT09"" onmousedown=""Common.gaEvent('company_search', 'list_info', 'recruit')"" target=""_blank"">채용중<span>7</span></a>","<div class=""text_info"">
<span>면류, 마카로니 및 유사식품 제조업</span>
<span>중견기업</span>
<span>65년차</span>
<span>612명</span>
<span>김정수/김동찬</span>
</div>",
"<a href=""/zf_user/company-review/view?csn=WjZuZmRhRG1xMjdrcXdBbWJDQllvUT09"" onmousedown=""Common.gaEvent('company_search', 'list_info', 'title')"" target=""_blank"">(주)여기어때컴퍼니</a>","<a class=""link_employ"" href=""/zf_user/company-review/view?csn=WjZuZmRhRG1xMjdrcXdBbWJDQllvUT09"" onmousedown=""Common.gaEvent('company_search', 'list_info', 'recruit')"" target=""_blank"">채용중<span>5</span></a>","<div class=""text_info"">
<span>포털 및 기타 인터넷 정보매개 서비스업</span>
<span>중소기업,스타트업</span>
<span>10년차</span>
<span>596명</span>
<span>정명훈</span>
</div>",
"<a href=""/zf_user/company-review/view?csn=QWJhWFZEd1A1VndpNG4wNTNWaVpuUT09"" onmousedown=""Common.gaEvent('company_search', 'list_info', 'title')"" target=""_blank"">(주)네이처리퍼블릭</a>","<a class=""link_employ"" href=""/zf_user/company-review/view?csn=QWJhWFZEd1A1VndpNG4wNTNWaVpuUT09"" onmousedown=""Common.gaEvent('company_search', 'list_info', 'recruit')"" target=""_blank"">채용중<span>5</span></a>","<div class=""text_info"">
<span>화장품 제조업</span>
<span>중견기업</span>
<span>16년차</span>
<span>174명</span>
<span>정운호</span>
</div>",
"<a href=""/zf_user/company-review/view?csn=V0VwWDZvWU5WRWZRSUt1aTNZZ0hNZz09"" onmousedown=""Common.gaEvent('company_search', 'list_info', 'title')"" target=""_blank"">하나제약(주)</a>","<a class=""link_employ"" href=""/zf_user/company-review/view?csn=V0VwWDZvWU5WRWZRSUt1aTNZZ0hNZz09"" onmousedown=""Common.gaEvent('company_search', 'list_info', 'recruit')"" target=""_blank"">채용중<span>5</span></a>","<div class=""text_info"">
<span>완제 의약품 제조업</span>
<span>중견기업</span>
<span>47년차</span>
<span>703명</span>
<span>최태홍</span>
</div>",
"<a href=""/zf_user/company-review/view?csn=U1BxYUdGbDZxNXpzSWtGVUlnZkU5dz09"" onmousedown=""Common.gaEvent('company_search', 'list_info', 'title')"" target=""_blank"">엘아이지넥스원(주)</a>","<a class=""link_employ"" href=""/zf_user/company-review/view?csn=U1BxYUdGbDZxNXpzSWtGVUlnZkU5dz09"" onmousedown=""Common.gaEvent('company_search', 'list_info', 'recruit')"" target=""_blank"">채용중<span>1</span></a>","<div class=""text_info"">
<span>무기 및 총포탄 제조업</span>
<span>중견기업,1000대기업</span>
<span>27년차</span>
<span>2,941명</span>
<span>신익현</span>
</div>",
"<a href=""/zf_user/company-review/view?csn=ZnpGWTVJbURFRkdxTk5LbmpPNklhQT09"" onmousedown=""Common.gaEvent('company_search', 'list_info', 'title')"" target=""_blank"">엠이엠씨코리아(주)</a>",,"<div class=""text_info"">
<span>다이오드, 트랜지스터 및 유사 반도체소자 제조업</span>
<span>35년차</span>
<span>936명</span>
<span>조찬래</span>
</div>",
"<a href=""/zf_user/company-review/view?csn=dFpTN1NmYktBTHJTT2JIY3hTRFVrQT09"" onmousedown=""Common.gaEvent('company_search', 'list_info', 'title')"" target=""_blank"">린데코리아(주)</a>","<a class=""link_employ"" href=""/zf_user/company-review/view?csn=dFpTN1NmYktBTHJTT2JIY3hTRFVrQT09"" onmousedown=""Common.gaEvent('company_search', 'list_info', 'recruit')"" target=""_blank"">채용중<span>2</span></a>","<div class=""text_info"">
<span>산업용 가스 제조업</span>
<span>50년차</span>
<span>430명</span>
<span>성백석</span>
</div>",
"<a href=""/zf_user/company-review/view?csn=VmZYSlBqQ013cVlZZkJHaFRvd3pRQT09"" onmousedown=""Common.gaEvent('company_search', 'list_info', 'title')"" target=""_blank"">(주)SPC삼립</a>","<a class=""link_employ"" href=""/zf_user/company-review/view?csn=VmZYSlBqQ013cVlZZkJHaFRvd3pRQT09"" onmousedown=""Common.gaEvent('company_search', 'list_info', 'recruit')"" target=""_blank"">채용중<span>22</span></a>","<div class=""text_info"">
<span>빵류 제조업</span>
<span>중견기업</span>
<span>57년차</span>
<span>1,926명</span>
<span>황종현</span>
</div>",
"<a href=""/zf_user/company-review/view?csn=czY5UGhqODhESXZCTHhMREFnV3VWdz09"" onmousedown=""Common.gaEvent('company_search', 'list_info', 'title')"" target=""_blank"">(주)엘지씨엔에스</a>","<a class=""link_employ"" href=""/zf_user/company-review/view?csn=czY5UGhqODhESXZCTHhMREFnV3VWdz09"" onmousedown=""Common.gaEvent('company_search', 'list_info', 'recruit')"" target=""_blank"">채용중<span>1</span></a>","<div class=""text_info"">
<span>컴퓨터시스템 통합 자문 및 구축 서비스업</span>
<span>대기업,1000대기업</span>
<span>38년차</span>
<span>6,839명</span>
<span>현신균</span>
</div>",
"<a href=""/zf_user/company-review/view?csn=eG8rTCtnelJab3JOaG5hMlR1ZTRCZz09"" onmousedown=""Common.gaEvent('company_search', 'list_info', 'title')"" target=""_blank"">리뉴어스(주)</a>","<a class=""link_employ"" href=""/zf_user/company-review/view?csn=eG8rTCtnelJab3JOaG5hMlR1ZTRCZz09"" onmousedown=""Common.gaEvent('company_search', 'list_info', 'recruit')"" target=""_blank"">채용중<span>49</span></a>","<div class=""text_info"">
<span>하수 처리업</span>
<span>대기업</span>
<span>7년차</span>
<span>1,991명</span>
<span>권지훈</span>
</div>",
"<a href=""/zf_user/company-review/view?csn=UXhaSlpZNkJzbFlxcUUxZ1M5MjhDQT09"" onmousedown=""Common.gaEvent('company_search', 'list_info', 'title')"" target=""_blank"">머크(주)</a>","<a class=""link_employ"" href=""/zf_user/company-review/view?csn=UXhaSlpZNkJzbFlxcUUxZ1M5MjhDQT09"" onmousedown=""Common.gaEvent('company_search', 'list_info', 'recruit')"" target=""_blank"">채용중<span>5</span></a>","<div class=""text_info"">
<span>의약품 도매업</span>
<span>중견기업</span>
<span>36년차</span>
<span>448명</span>
<span>김우규/이경재</span>
</div>",
"<a href=""/zf_user/company-review/view?csn=YUYyeEZXenIreFhZVXhhejBPNUVpZz09"" onmousedown=""Common.gaEvent('company_search', 'list_info', 'title')"" target=""_blank"">(주)문화방송</a>","<a class=""link_employ"" href=""/zf_user/company-review/view?csn=YUYyeEZXenIreFhZVXhhejBPNUVpZz09"" onmousedown=""Common.gaEvent('company_search', 'list_info', 'recruit')"" target=""_blank"">채용중<span>2</span></a>","<div class=""text_info"">
<span>지상파 방송업</span>
<span>64년차</span>
<span>1,692명</span>
<span>안형준</span>
</div>",
"<a href=""/zf_user/company-review/view?csn=dkdyQXE4VEVpV1FwRUFIdlRySFN0dz09"" onmousedown=""Common.gaEvent('company_search', 'list_info', 'title')"" target=""_blank"">(주)도화엔지니어링</a>","<a class=""link_employ"" href=""/zf_user/company-review/view?csn=dkdyQXE4VEVpV1FwRUFIdlRySFN0dz09"" onmousedown=""Common.gaEvent('company_search', 'list_info', 'recruit')"" target=""_blank"">채용중<span>6</span></a>","<div class=""text_info"">
<span>건물 및 토목 엔지니어링 서비스업</span>
<span>중견기업,1000대기업</span>
<span>63년차</span>
<span>2,280명</span>
<span>박승우/손영일/곽준상/김덕구</span>
</div>",
"<a href=""/zf_user/company-review/view?csn=ckxLKzZwTlBnZTFleFRSUTJQR3ZRZz09"" onmousedown=""Common.gaEvent('company_search', 'list_info', 'title')"" target=""_blank"">SK텔레콤(주)</a>","<a class=""link_employ"" href=""/zf_user/company-review/view?csn=ckxLKzZwTlBnZTFleFRSUTJQR3ZRZz09"" onmousedown=""Common.gaEvent('company_search', 'list_info', 'recruit')"" target=""_blank"">채용중<span>4</span></a>","<div class=""text_info"">
<span>무선 및 위성 통신업</span>
<span>대기업,1000대기업</span>
<span>41년차</span>
<span>5,557명</span>
<span>유영상</span>
</div>",
"<a href=""/zf_user/company-review/view?csn=SGc2aUZPOXQ5Y1hnQVF5QmMveWFyUT09"" onmousedown=""Common.gaEvent('company_search', 'list_info', 'title')"" target=""_blank"">한화솔루션(주)</a>",,"<div class=""text_info"">
<span>석유화학계 기초 화학물질 제조업</span>
<span>대기업,1000대기업</span>
<span>51년차</span>
<span>602명</span>
<span>남정운/김동관/홍정권</span>
</div>",
"<a href=""/zf_user/company-review/view?csn=VVZUdDFJSVlaRWJadzRadURTVC9zZz09"" onmousedown=""Common.gaEvent('company_search', 'list_info', 'title')"" target=""_blank"">한국무브넥스(주)</a>",,"<div class=""text_info"">
<span>그 외 자동차용 신품 부품 제조업</span>
<span>중견기업</span>
<span>51년차</span>
<span>470명</span>
<span>이현덕</span>
</div>",
"<a href=""/zf_user/company-review/view?csn=Sm1MT2dCSG1sSVdZTG0wMmtDYVVGZz09"" onmousedown=""Common.gaEvent('company_search', 'list_info', 'title')"" target=""_blank"">동화약품(주)</a>",,"<div class=""text_info"">
<span>완제 의약품 제조업</span>
<span>중견기업,1000대기업</span>
<span>128년차</span>
<span>789명</span>
<span>유준하</span>
</div>",
"<a href=""/zf_user/company-review/view?csn=bmt1L1premxrMDcreDNLK2dlUnZVZz09"" onmousedown=""Common.gaEvent('company_search', 'list_info', 'title')"" target=""_blank"">(주)현대케피코</a>",,"<div class=""text_info"">
<span>자동차 엔진용 신품 부품 제조업</span>
<span>대기업,1000대기업</span>
<span>38년차</span>
<span>1,680명</span>
<span>유영종</span>
</div>",
"<a href=""/zf_user/company-review/view?csn=cWt4MzFTZTJVcHJWTWJHUVJnVW1vdz09"" onmousedown=""Common.gaEvent('company_search', 'list_info', 'title')"" target=""_blank"">(주)에이치엘클레무브</a>",,"<div class=""text_info"">
<span>그 외 자동차용 신품 부품 제조업</span>
<span>대기업,1000대기업</span>
<span>17년차</span>
<span>1,212명</span>
<span>윤팔주</span>
</div>",
"<a href=""/zf_user/company-review/view?csn=L2psRTIzckptMERnRUtBU0wxNWpidz09"" onmousedown=""Common.gaEvent('company_search', 'list_info', 'title')"" target=""_blank"">(주)사람인</a>","<a class=""link_employ"" href=""/zf_user/company-review/view?csn=L2psRTIzckptMERnRUtBU0wxNWpidz09"" onmousedown=""Common.gaEvent('company_search', 'list_info', 'recruit')"" target=""_blank"">채용중<span>2</span></a>","<div class=""text_info"">
<span>포털 및 기타 인터넷 정보매개 서비스업</span>
<span>중견기업</span>
<span>20년차</span>
<span>431명</span>
<span>황현순</span>
</div>",
"<a href=""/zf_user/company-review/view?csn=Zk5jVytPWGhBTXNUVUV3M0FpalFodz09"" onmousedown=""Common.gaEvent('company_search', 'list_info', 'title')"" target=""_blank"">비테스코테크놀로지스코리아유한책임회사</a>","<a class=""link_employ"" href=""/zf_user/company-review/view?csn=Zk5jVytPWGhBTXNUVUV3M0FpalFodz09"" onmousedown=""Common.gaEvent('company_search', 'list_info', 'recruit')"" target=""_blank"">채용중<span>1</span></a>","<div class=""text_info"">
<span>자동차 엔진용 신품 부품 제조업</span>
<span>대기업,1000대기업</span>
<span>38년차</span>
<span>983명</span>
<span>김준석</span>
</div>",
"<a href=""/zf_user/company-review/view?csn=ZFhQZkFWQ0xXUzc5WTNkTFN3cjBwZz09"" onmousedown=""Common.gaEvent('company_search', 'list_info', 'title')"" target=""_blank"">세아상역(주)</a>",,"<div class=""text_info"">
<span>남자용 겉옷 제조업</span>
<span>대기업,1000대기업</span>
<span>10년차</span>
<span>774명</span>
<span>문성미</span>
</div>",
"<a href=""/zf_user/company-review/view?csn=QnYxSDNXVHNON3lwU2tSUGlSS1dMZz09"" onmousedown=""Common.gaEvent('company_search', 'list_info', 'title')"" target=""_blank"">(주)동구바이오제약</a>","<a class=""link_employ"" href=""/zf_user/company-review/view?csn=QnYxSDNXVHNON3lwU2tSUGlSS1dMZz09"" onmousedown=""Common.gaEvent('company_search', 'list_info', 'recruit')"" target=""_blank"">채용중<span>2</span></a>","<div class=""text_info"">
<span>완제 의약품 제조업</span>
<span>42년차</span>
<span>403명</span>
<span>조용준</span>
</div>",
"<a href=""/zf_user/company-review/view?csn=a1h2alhGODlld2ZSZ2EyK3NLYmV1UT09"" onmousedown=""Common.gaEvent('company_search', 'list_info', 'title')"" target=""_blank"">(주)네패스</a>","<a class=""link_employ"" href=""/zf_user/company-review/view?csn=a1h2alhGODlld2ZSZ2EyK3NLYmV1UT09"" onmousedown=""Common.gaEvent('company_search', 'list_info', 'recruit')"" target=""_blank"">채용중<span>3</span></a>","<div class=""text_info"">
<span>다이오드, 트랜지스터 및 유사 반도체소자 제조업</span>
<span>중견기업,1000대기업</span>
<span>35년차</span>
<span>1,087명</span>
<span>이병구/이창우</span>
</div>",
"<a href=""/zf_user/company-review/view?csn=ZndXYzBONDZaOXJvcGM3YjFNSklhdz09"" onmousedown=""Common.gaEvent('company_search', 'list_info', 'title')"" target=""_blank"">샘표(주)</a>",,"<div class=""text_info"">
<span>지주회사</span>
<span>중견기업</span>
<span>54년차</span>
<span>3명</span>
<span>박진선</span>
</div>",
"<a href=""/zf_user/company-review/view?csn=Rk9WNTcrREROa0lsaGxiR3pBS0szUT09"" onmousedown=""Common.gaEvent('company_search', 'list_info', 'title')"" target=""_blank"">(주)프로에스콤</a>","<a class=""link_employ"" href=""/zf_user/company-review/view?csn=Rk9WNTcrREROa0lsaGxiR3pBS0szUT09"" onmousedown=""Common.gaEvent('company_search', 'list_info', 'recruit')"" target=""_blank"">채용중<span>56</span></a>","<div class=""text_info"">
<span>경비 및 경호 서비스업</span>
<span>중견기업</span>
<span>32년차</span>
<span>5,911명</span>
<span>신양주/서영자</span>
</div>",
"<a href=""/zf_user/company-review/view?csn=ZjFyT3lHWUxJcmJ5MjNNd1g3QXRFQT09"" onmousedown=""Common.gaEvent('company_search', 'list_info', 'title')"" target=""_blank"">(주)서흥</a>","<a class=""link_employ"" href=""/zf_user/company-review/view?csn=ZjFyT3lHWUxJcmJ5MjNNd1g3QXRFQT09"" onmousedown=""Common.gaEvent('company_search', 'list_info', 'recruit')"" target=""_blank"">채용중<span>7</span></a>","<div class=""text_info"">
<span>완제 의약품 제조업</span>
<span>중견기업</span>
<span>52년차</span>
<span>1,121명</span>
<span>양주환</span>
</div>",
"<a href=""/zf_user/company-review/view?csn=Y2JKNVllSWtrNW13TjFxVkc2ODIzZz09"" onmousedown=""Common.gaEvent('company_search', 'list_info', 'title')"" target=""_blank"">(주)케이씨씨</a>",,"<div class=""text_info"">
<span>일반용 도료 및 관련제품 제조업</span>
<span>대기업,1000대기업</span>
<span>67년차</span>
<span>2,457명</span>
<span>정몽진/정재훈</span>
</div>",
"<a href=""/zf_user/company-review/view?csn=N09lRzZkelZiQnRMMFFqUVd0WjNhQT09"" onmousedown=""Common.gaEvent('company_search', 'list_info', 'title')"" target=""_blank"">(주)신세계</a>",,"<div class=""text_info"">
<span>백화점</span>
<span>대기업,1000대기업</span>
<span>70년차</span>
<span>2,570명</span>
<span>박주형</span>
</div>",
"<a href=""/zf_user/company-review/view?csn=dUVMaXlFenlVK1ZaTEg5a1o3enZYUT09"" onmousedown=""Common.gaEvent('company_search', 'list_info', 'title')"" target=""_blank"">볼보그룹코리아(주)</a>",,"<div class=""text_info"">
<span>건설 및 채광용 기계장비 제조업</span>
<span>대기업,1000대기업</span>
<span>27년차</span>
<span>1,053명</span>
<span>앤드류마크나이트</span>
</div>",
"<a href=""/zf_user/company-review/view?csn=NmtJLzlTa2tDeXNlMzluZWlnUzQ5dz09"" onmousedown=""Common.gaEvent('company_search', 'list_info', 'title')"" target=""_blank"">씨제이올리브네트웍스(주)</a>","<a class=""link_employ"" href=""/zf_user/company-review/view?csn=NmtJLzlTa2tDeXNlMzluZWlnUzQ5dz09"" onmousedown=""Common.gaEvent('company_search', 'list_info', 'recruit')"" target=""_blank"">채용중<span>1</span></a>","<div class=""text_info"">
<span>컴퓨터시스템 통합 자문 및 구축 서비스업</span>
<span>대기업,1000대기업</span>
<span>30년차</span>
<span>1,450명</span>
<span>유인상</span>
</div>",
"<a href=""/zf_user/company-review/view?csn=b1Y5WjBKajllSzhBVURSUFJtTnltQT09"" onmousedown=""Common.gaEvent('company_search', 'list_info', 'title')"" target=""_blank"">롯데케미칼(주)</a>",,"<div class=""text_info"">
<span>석유화학계 기초 화학물질 제조업</span>
<span>대기업,1000대기업</span>
<span>49년차</span>
<span>735명</span>
<span>신동빈/이영준/황진구/이훈기</span>
</div>",
"<a href=""/zf_user/company-review/view?csn=cDUrcml6VnltUFdsTGdDczY4N1Rndz09"" onmousedown=""Common.gaEvent('company_search', 'list_info', 'title')"" target=""_blank"">(주)이랜드월드</a>",,"<div class=""text_info"">
<span>근무복, 작업복 및 유사의복 제조업</span>
<span>대기업,1000대기업</span>
<span>43년차</span>
<span>3,044명</span>
<span>조동주/최종양</span>
</div>",
"<a href=""/zf_user/company-review/view?csn=aWczaXdCaW5GbzIzMlk4NzkxYlpGZz09"" onmousedown=""Common.gaEvent('company_search', 'list_info', 'title')"" target=""_blank"">(주)고운세상코스메틱</a>","<a class=""link_employ"" href=""/zf_user/company-review/view?csn=aWczaXdCaW5GbzIzMlk4NzkxYlpGZz09"" onmousedown=""Common.gaEvent('company_search', 'list_info', 'recruit')"" target=""_blank"">채용중<span>1</span></a>","<div class=""text_info"">
<span>화장품 제조업</span>
<span>중소기업</span>
<span>26년차</span>
<span>219명</span>
<span>이주호</span>
</div>",
"<a href=""/zf_user/company-review/view?csn=Vm1HQnpqeEhINS9INUVNUys1SWtyUT09"" onmousedown=""Common.gaEvent('company_search', 'list_info', 'title')"" target=""_blank"">현대종합금속(주)</a>","<a class=""link_employ"" href=""/zf_user/company-review/view?csn=Vm1HQnpqeEhINS9INUVNUys1SWtyUT09"" onmousedown=""Common.gaEvent('company_search', 'list_info', 'recruit')"" target=""_blank"">채용중<span>1</span></a>","<div class=""text_info"">
<span>피복 및 충전 용접봉 제조업</span>
<span>중견기업</span>
<span>50년차</span>
<span>226명</span>
<span>김용덕/정은성</span>
</div>",
"<a href=""/zf_user/company-review/view?csn=aHo3YXY0K3B1eFI4WmFiUDMzUmdxZz09"" onmousedown=""Common.gaEvent('company_search', 'list_info', 'title')"" target=""_blank"">아시아나에어포트(주)</a>","<a class=""link_employ"" href=""/zf_user/company-review/view?csn=aHo3YXY0K3B1eFI4WmFiUDMzUmdxZz09"" onmousedown=""Common.gaEvent('company_search', 'list_info', 'recruit')"" target=""_blank"">채용중<span>3</span></a>","<div class=""text_info"">
<span>기타 항공 운송지원 서비스업</span>
<span>대기업</span>
<span>37년차</span>
<span>1,749명</span>
<span>장경호</span>
</div>",
"<a href=""/zf_user/company-review/view?csn=RVIxeTcyRnlxVWxmYW5sY09PeHRpdz09"" onmousedown=""Common.gaEvent('company_search', 'list_info', 'title')"" target=""_blank"">(주)현대바이오랜드</a>","<a class=""link_employ"" href=""/zf_user/company-review/view?csn=RVIxeTcyRnlxVWxmYW5sY09PeHRpdz09"" onmousedown=""Common.gaEvent('company_search', 'list_info', 'recruit')"" target=""_blank"">채용중<span>3</span></a>","<div class=""text_info"">
<span>의약용 화합물 및 항생물질 제조업</span>
<span>대기업</span>
<span>30년차</span>
<span>128명</span>
<span>이희준</span>
</div>",
"<a href=""/zf_user/company-review/view?csn=RW1RUy9UVVdEV1pySm0rODdyNnIzUT09"" onmousedown=""Common.gaEvent('company_search', 'list_info', 'title')"" target=""_blank"">지엠비코리아(주)</a>",,"<div class=""text_info"">
<span>그 외 자동차용 신품 부품 제조업</span>
<span>46년차</span>
<span>710명</span>
<span>정세영/송병영</span>
</div>",
"<a href=""/zf_user/company-review/view?csn=SDl5R3JrMDIyVitnZzdmVFdFRDdrQT09"" onmousedown=""Common.gaEvent('company_search', 'list_info', 'title')"" target=""_blank"">(주)큐브엔터테인먼트</a>","<a class=""link_employ"" href=""/zf_user/company-review/view?csn=SDl5R3JrMDIyVitnZzdmVFdFRDdrQT09"" onmousedown=""Common.gaEvent('company_search', 'list_info', 'recruit')"" target=""_blank"">채용중<span>3</span></a>","<div class=""text_info"">
<span>음악 및 기타 오디오물 출판업</span>
<span>중소기업</span>
<span>12년차</span>
<span>167명</span>
<span>강승곤/안우형/정철</span>
</div>",
"<a href=""/zf_user/company-review/view?csn=aldORlFaaVFXenlLNVI0K1QwakZZdz09"" onmousedown=""Common.gaEvent('company_search', 'list_info', 'title')"" target=""_blank"">엘에스일렉트릭(주)</a>",,"<div class=""text_info"">
<span>전기회로 개폐, 보호장치 제조업</span>
<span>대기업</span>
<span>51년차</span>
<span>1,418명</span>
<span>구자균/김동현</span>
</div>",
"<a href=""/zf_user/company-review/view?csn=dk9HV3RMOHFrTG5hYkhORHlySTIwdz09"" onmousedown=""Common.gaEvent('company_search', 'list_info', 'title')"" target=""_blank"">씨제이푸드빌(주)</a>","<a class=""link_employ"" href=""/zf_user/company-review/view?csn=dk9HV3RMOHFrTG5hYkhORHlySTIwdz09"" onmousedown=""Common.gaEvent('company_search', 'list_info', 'recruit')"" target=""_blank"">채용중<span>11</span></a>","<div class=""text_info"">
<span>서양식 음식점업</span>
<span>대기업</span>
<span>25년차</span>
<span>1,457명</span>
<span>김찬호</span>
</div>",
"<a href=""/zf_user/company-review/view?csn=NGVQbXl5QWt2ZkU0NmdHOVExdWxOdz09"" onmousedown=""Common.gaEvent('company_search', 'list_info', 'title')"" target=""_blank"">(주)와이지엔터테인먼트</a>","<a class=""link_employ"" href=""/zf_user/company-review/view?csn=NGVQbXl5QWt2ZkU0NmdHOVExdWxOdz09"" onmousedown=""Common.gaEvent('company_search', 'list_info', 'recruit')"" target=""_blank"">채용중<span>1</span></a>","<div class=""text_info"">
<span>음악 및 기타 오디오물 출판업</span>
<span>중견기업</span>
<span>27년차</span>
<span>457명</span>
<span>양민석</span>
</div>",
"<a href=""/zf_user/company-review/view?csn=Umt6bXlZTzdTUk5PT2I0WGxPYmQ5UT09"" onmousedown=""Common.gaEvent('company_search', 'list_info', 'title')"" target=""_blank"">윌로펌프(주)</a>","<a class=""link_employ"" href=""/zf_user/company-review/view?csn=Umt6bXlZTzdTUk5PT2I0WGxPYmQ5UT09"" onmousedown=""Common.gaEvent('company_search', 'list_info', 'recruit')"" target=""_blank"">채용중<span>4</span></a>","<div class=""text_info"">
<span>액체 펌프 제조업</span>
<span>중견기업</span>
<span>25년차</span>
<span>323명</span>
<span>전일승</span>
</div>",
"<a href=""/zf_user/company-review/view?csn=ajFKc3JZT1F1SjBWZHptdGlLUi9tdz09"" onmousedown=""Common.gaEvent('company_search', 'list_info', 'title')"" target=""_blank"">더케이텍(주)</a>","<a class=""link_employ"" href=""/zf_user/company-review/view?csn=ajFKc3JZT1F1SjBWZHptdGlLUi9tdz09"" onmousedown=""Common.gaEvent('company_search', 'list_info', 'recruit')"" target=""_blank"">채용중<span>38</span></a>","<div class=""text_info"">
<span>상용 인력 공급 및 인사관리 서비스업</span>
<span>중견기업</span>
<span>27년차</span>
<span>5,250명</span>
<span>박영진</span>
</div>",
"<a href=""/zf_user/company-review/view?csn=RDhhN2NwWTRmaHpHdFhlOWxvR0V3UT09"" onmousedown=""Common.gaEvent('company_search', 'list_info', 'title')"" target=""_blank"">콘텐츠웨이브(주)</a>",,"<div class=""text_info"">
<span>영화, 비디오물 및 방송프로그램 배급업</span>
<span>대기업</span>
<span>13년차</span>
<span>150명</span>
</div>",
"<a href=""/zf_user/company-review/view?csn=emg2Sk9GNmJUT1g1VEtOYisrZGZHdz09"" onmousedown=""Common.gaEvent('company_search', 'list_info', 'title')"" target=""_blank"">(주)에프엔씨엔터테인먼트</a>","<a class=""link_employ"" href=""/zf_user/company-review/view?csn=emg2Sk9GNmJUT1g1VEtOYisrZGZHdz09"" onmousedown=""Common.gaEvent('company_search', 'list_info', 'recruit')"" target=""_blank"">채용중<span>6</span></a>","<div class=""text_info"">
<span>그 외 기타 창작 및 예술관련 서비스업</span>
<span>중소기업</span>
<span>19년차</span>
<span>209명</span>
<span>한성호/김유식</span>
</div>",
"<a href=""/zf_user/company-review/view?csn=UGh5Q0R6M1piV1kzcUJRQXgwUmx2dz09"" onmousedown=""Common.gaEvent('company_search', 'list_info', 'title')"" target=""_blank"">한화시스템(주)</a>","<a class=""link_employ"" href=""/zf_user/company-review/view?csn=UGh5Q0R6M1piV1kzcUJRQXgwUmx2dz09"" onmousedown=""Common.gaEvent('company_search', 'list_info', 'recruit')"" target=""_blank"">채용중<span>33</span></a>","<div class=""text_info"">
<span>그 외 기타 전자부품 제조업</span>
<span>대기업,1000대기업</span>
<span>25년차</span>
<span>3,108명</span>
<span>손재일</span>
</div>",
"<a href=""/zf_user/company-review/view?csn=NzVkaHZjZ2pmeFlvZ1NXS0x5YjJDdz09"" onmousedown=""Common.gaEvent('company_search', 'list_info', 'title')"" target=""_blank"">(주)다스</a>","<a class=""link_employ"" href=""/zf_user/company-review/view?csn=NzVkaHZjZ2pmeFlvZ1NXS0x5YjJDdz09"" onmousedown=""Common.gaEvent('company_search', 'list_info', 'recruit')"" target=""_blank"">채용중<span>1</span></a>","<div class=""text_info"">
<span>그 외 자동차용 신품 부품 제조업</span>
<span>1000대기업,중견기업</span>
<span>38년차</span>
<span>1,348명</span>
<span>이상은/조진현</span>
</div>",
"<a href=""/zf_user/company-review/view?csn=bTkrc202U2VZZnUvQmxPVXVCNTU5UT09"" onmousedown=""Common.gaEvent('company_search', 'list_info', 'title')"" target=""_blank"">(주)SBS</a>",,"<div class=""text_info"">
<span>지상파 방송업</span>
<span>대기업,1000대기업</span>
<span>35년차</span>
<span>870명</span>
<span>방문신</span>
</div>",
"<a href=""/zf_user/company-review/view?csn=UVhQWi9DWXpJc3h2TklLbVdNMnpNZz09"" onmousedown=""Common.gaEvent('company_search', 'list_info', 'title')"" target=""_blank"">한국램리서치(유)</a>",,"<div class=""text_info"">
<span>전기용 기계ㆍ장비 및 관련 기자재 도매업</span>
<span>33년차</span>
<span>박준홍</span>
</div>",
"<a href=""/zf_user/company-review/view?csn=K0ptWllhS1M5MW56ekEwUE96ajBvUT09"" onmousedown=""Common.gaEvent('company_search', 'list_info', 'title')"" target=""_blank"">티케이지태광(주)</a>","<a class=""link_employ"" href=""/zf_user/company-review/view?csn=K0ptWllhS1M5MW56ekEwUE96ajBvUT09"" onmousedown=""Common.gaEvent('company_search', 'list_info', 'recruit')"" target=""_blank"">채용중<span>2</span></a>","<div class=""text_info"">
<span>기타 신발 제조업</span>
<span>중견기업</span>
<span>45년차</span>
<span>910명</span>
<span>박주환</span>
</div>",
"<a href=""/zf_user/company-review/view?csn=bHdpelVGeFVpSGw5NDRPWnRLUHRsQT09"" onmousedown=""Common.gaEvent('company_search', 'list_info', 'title')"" target=""_blank"">엔브이에이치코리아(주)</a>",,"<div class=""text_info"">
<span>자동차 차체용 신품 부품 제조업</span>
<span>중견기업</span>
<span>41년차</span>
<span>263명</span>
<span>구자겸/이규양</span>
</div>",
"<a href=""/zf_user/company-review/view?csn=ejZCdlV6bk9SQm1taGRUYmg1NmVTZz09"" onmousedown=""Common.gaEvent('company_search', 'list_info', 'title')"" target=""_blank"">에스제이지세종(주)</a>",,"<div class=""text_info"">
<span>그 외 자동차용 신품 부품 제조업</span>
<span>중견기업</span>
<span>49년차</span>
<span>624명</span>
<span>최정연/이동원</span>
</div>",
"<a href=""/zf_user/company-review/view?csn=cERIdDYzUHJ3Rmc3eWlXMkQxQml3dz09"" onmousedown=""Common.gaEvent('company_search', 'list_info', 'title')"" target=""_blank"">(주)조선호텔앤리조트</a>","<a class=""link_employ"" href=""/zf_user/company-review/view?csn=cERIdDYzUHJ3Rmc3eWlXMkQxQml3dz09"" onmousedown=""Common.gaEvent('company_search', 'list_info', 'recruit')"" target=""_blank"">채용중<span>5</span></a>","<div class=""text_info"">
<span>호텔업</span>
<span>대기업,1000대기업</span>
<span>58년차</span>
<span>2,323명</span>
<span>이주희</span>
</div>",
"<a href=""/zf_user/company-review/view?csn=enRWdWc1ZHB6dndlWGhWdHpDckZoZz09"" onmousedown=""Common.gaEvent('company_search', 'list_info', 'title')"" target=""_blank"">JW중외제약(주)</a>","<a class=""link_employ"" href=""/zf_user/company-review/view?csn=enRWdWc1ZHB6dndlWGhWdHpDckZoZz09"" onmousedown=""Common.gaEvent('company_search', 'list_info', 'recruit')"" target=""_blank"">채용중<span>2</span></a>","<div class=""text_info"">
<span>완제 의약품 제조업</span>
<span>중견기업,1000대기업</span>
<span>72년차</span>
<span>28명</span>
<span>신영섭</span>
</div>",
"<a href=""/zf_user/company-review/view?csn=aHd1bE96ZFpMNlRCRVcwUXAxSjc1UT09"" onmousedown=""Common.gaEvent('company_search', 'list_info', 'title')"" target=""_blank"">(주)동진쎄미켐</a>","<a class=""link_employ"" href=""/zf_user/company-review/view?csn=aHd1bE96ZFpMNlRCRVcwUXAxSjc1UT09"" onmousedown=""Common.gaEvent('company_search', 'list_info', 'recruit')"" target=""_blank"">채용중<span>4</span></a>","<div class=""text_info"">
<span>기타 기초 무기 화학물질 제조업</span>
<span>중견기업,1000대기업</span>
<span>52년차</span>
<span>116명</span>
<span>이부섭/이준혁</span>
</div>",
"<a href=""/zf_user/company-review/view?csn=enlCQ0hyemtVRlFtRTJLMnI3dXp0Zz09"" onmousedown=""Common.gaEvent('company_search', 'list_info', 'title')"" target=""_blank"">(주)에이피알</a>","<a class=""link_employ"" href=""/zf_user/company-review/view?csn=enlCQ0hyemtVRlFtRTJLMnI3dXp0Zz09"" onmousedown=""Common.gaEvent('company_search', 'list_info', 'recruit')"" target=""_blank"">채용중<span>30</span></a>","<div class=""text_info"">
<span>화장품 제조업</span>
<span>중견기업</span>
<span>11년차</span>
<span>505명</span>
<span>김병훈</span>
</div>",
"<a href=""/zf_user/company-review/view?csn=cnhIRmMraG9EK3FEWnhQMnlDOGI0dz09"" onmousedown=""Common.gaEvent('company_search', 'list_info', 'title')"" target=""_blank"">(주)에이블리코퍼레이션</a>","<a class=""link_employ"" href=""/zf_user/company-review/view?csn=cnhIRmMraG9EK3FEWnhQMnlDOGI0dz09"" onmousedown=""Common.gaEvent('company_search', 'list_info', 'recruit')"" target=""_blank"">채용중<span>7</span></a>","<div class=""text_info"">
<span>남녀용 겉옷 및 셔츠 도매업</span>
<span>중소기업</span>
<span>10년차</span>
<span>308명</span>
<span>강석훈</span>
</div>",
"<a href=""/zf_user/company-review/view?csn=OG5hVndNZlgvMithNm1QSkJBRHVQQT09"" onmousedown=""Common.gaEvent('company_search', 'list_info', 'title')"" target=""_blank"">삼성웰스토리(주)</a>","<a class=""link_employ"" href=""/zf_user/company-review/view?csn=OG5hVndNZlgvMithNm1QSkJBRHVQQT09"" onmousedown=""Common.gaEvent('company_search', 'list_info', 'recruit')"" target=""_blank"">채용중<span>6</span></a>","<div class=""text_info"">
<span>기관 구내식당업</span>
<span>대기업,1000대기업</span>
<span>12년차</span>
<span>3,285명</span>
<span>정해린</span>
</div>",
"<a href=""/zf_user/company-review/view?csn=UWhycE5PYno1NXhZaDBWQzlldkVwdz09"" onmousedown=""Common.gaEvent('company_search', 'list_info', 'title')"" target=""_blank"">(주)카카오스타일</a>","<a class=""link_employ"" href=""/zf_user/company-review/view?csn=UWhycE5PYno1NXhZaDBWQzlldkVwdz09"" onmousedown=""Common.gaEvent('company_search', 'list_info', 'recruit')"" target=""_blank"">채용중<span>12</span></a>","<div class=""text_info"">
<span>응용 소프트웨어 개발 및 공급업</span>
<span>중소기업,스타트업</span>
<span>13년차</span>
<span>507명</span>
<span>서정훈</span>
</div>",
"<a href=""/zf_user/company-review/view?csn=OGwvMmw0bTNORG5vSjBES3JRVUFqZz09"" onmousedown=""Common.gaEvent('company_search', 'list_info', 'title')"" target=""_blank"">네이버아이앤에스(주)</a>","<a class=""link_employ"" href=""/zf_user/company-review/view?csn=OGwvMmw0bTNORG5vSjBES3JRVUFqZz09"" onmousedown=""Common.gaEvent('company_search', 'list_info', 'recruit')"" target=""_blank"">채용중<span>3</span></a>","<div class=""text_info"">
<span>포털 및 기타 인터넷 정보매개 서비스업</span>
<span>대기업,1000대기업</span>
<span>16년차</span>
<span>106명</span>
<span>노세관</span>
</div>",
"<a href=""/zf_user/company-review/view?csn=OFNFL3BKaWZxZVI5cVRWRHpWN2tXQT09"" onmousedown=""Common.gaEvent('company_search', 'list_info', 'title')"" target=""_blank"">태광후지킨(주)</a>","<a class=""link_employ"" href=""/zf_user/company-review/view?csn=OFNFL3BKaWZxZVI5cVRWRHpWN2tXQT09"" onmousedown=""Common.gaEvent('company_search', 'list_info', 'recruit')"" target=""_blank"">채용중<span>8</span></a>","<div class=""text_info"">
<span>탭, 밸브 및 유사장치 제조업</span>
<span>중견기업</span>
<span>18년차</span>
<span>929명</span>
<span>김영호</span>
</div>",
"<a href=""/zf_user/company-review/view?csn=MGhuZDZIUERjeHVjWUwrbEsvSFZhZz09"" onmousedown=""Common.gaEvent('company_search', 'list_info', 'title')"" target=""_blank"">엘에스엠트론(주)</a>","<a class=""link_employ"" href=""/zf_user/company-review/view?csn=MGhuZDZIUERjeHVjWUwrbEsvSFZhZz09"" onmousedown=""Common.gaEvent('company_search', 'list_info', 'recruit')"" target=""_blank"">채용중<span>3</span></a>","<div class=""text_info"">
<span>농업 및 임업용 기계 제조업</span>
<span>대기업,1000대기업</span>
<span>17년차</span>
<span>106명</span>
<span>신재호</span>
</div>",
"<a href=""/zf_user/company-review/view?csn=L3lKVlM4TkZNelRhOE10UFpUVUgyUT09"" onmousedown=""Common.gaEvent('company_search', 'list_info', 'title')"" target=""_blank"">씨제이프레시웨이(주)</a>","<a class=""link_employ"" href=""/zf_user/company-review/view?csn=L3lKVlM4TkZNelRhOE10UFpUVUgyUT09"" onmousedown=""Common.gaEvent('company_search', 'list_info', 'recruit')"" target=""_blank"">채용중<span>7</span></a>","<div class=""text_info"">
<span>기타 가공식품 도매업</span>
<span>대기업,1000대기업</span>
<span>37년차</span>
<span>5,921명</span>
<span>이건일</span>
</div>",
"<a href=""/zf_user/company-review/view?csn=THl2U0xvVEtac3ozZzBZVkhyQnFtdz09"" onmousedown=""Common.gaEvent('company_search', 'list_info', 'title')"" target=""_blank"">엘비세미콘(주)</a>","<a class=""link_employ"" href=""/zf_user/company-review/view?csn=THl2U0xvVEtac3ozZzBZVkhyQnFtdz09"" onmousedown=""Common.gaEvent('company_search', 'list_info', 'recruit')"" target=""_blank"">채용중<span>1</span></a>","<div class=""text_info"">
<span>발광 다이오드 제조업</span>
<span>중견기업</span>
<span>25년차</span>
<span>김남석</span>
</div>",
"<a href=""/zf_user/company-review/view?csn=bWMzcVk4Z1MxTEUzbU02RUdka1pGQT09"" onmousedown=""Common.gaEvent('company_search', 'list_info', 'title')"" target=""_blank"">롯데건설(주)</a>","<a class=""link_employ"" href=""/zf_user/company-review/view?csn=bWMzcVk4Z1MxTEUzbU02RUdka1pGQT09"" onmousedown=""Common.gaEvent('company_search', 'list_info', 'recruit')"" target=""_blank"">채용중<span>18</span></a>","<div class=""text_info"">
<span>종합 건설업</span>
<span>대기업,1000대기업</span>
<span>66년차</span>
<span>4,054명</span>
<span>박현철</span>
</div>",
"<a href=""/zf_user/company-review/view?csn=MS81UXJWb0RVYXRINzdlak5wOS9EUT09"" onmousedown=""Common.gaEvent('company_search', 'list_info', 'title')"" target=""_blank"">대한유화(주)</a>",,"<div class=""text_info"">
<span>합성수지 및 기타 플라스틱 물질 제조업</span>
<span>중견기업,1000대기업</span>
<span>55년차</span>
<span>강길순</span>
</div>",
"<a href=""/zf_user/company-review/view?csn=akIrcmxneXhIZkxzTWtzOHN2Y1h2Zz09"" onmousedown=""Common.gaEvent('company_search', 'list_info', 'title')"" target=""_blank"">(주)이수페타시스</a>","<a class=""link_employ"" href=""/zf_user/company-review/view?csn=akIrcmxneXhIZkxzTWtzOHN2Y1h2Zz09"" onmousedown=""Common.gaEvent('company_search', 'list_info', 'recruit')"" target=""_blank"">채용중<span>4</span></a>","<div class=""text_info"">
<span>연성 및 기타 인쇄회로기판 제조업</span>
<span>대기업,1000대기업</span>
<span>53년차</span>
<span>1,139명</span>
<span>최창복</span>
</div>",
"<a href=""/zf_user/company-review/view?csn=dzBuRFNrd0JvbjJBSWZpNklSMjRiZz09"" onmousedown=""Common.gaEvent('company_search', 'list_info', 'title')"" target=""_blank"">(주)인터비즈시스템</a>","<a class=""link_employ"" href=""/zf_user/company-review/view?csn=dzBuRFNrd0JvbjJBSWZpNklSMjRiZz09"" onmousedown=""Common.gaEvent('company_search', 'list_info', 'recruit')"" target=""_blank"">채용중<span>11</span></a>","<div class=""text_info"">
<span>그 외 기타 분류 안된 사업지원 서비스업</span>
<span>중소기업</span>
<span>36년차</span>
<span>1,141명</span>
<span>이동환</span>
</div>",
"<a href=""/zf_user/company-review/view?csn=cGxjM3VITzdxVERDL3hLTTJLKy9hdz09"" onmousedown=""Common.gaEvent('company_search', 'list_info', 'title')"" target=""_blank"">스위스포트코리아(주)</a>","<a class=""link_employ"" href=""/zf_user/company-review/view?csn=cGxjM3VITzdxVERDL3hLTTJLKy9hdz09"" onmousedown=""Common.gaEvent('company_search', 'list_info', 'recruit')"" target=""_blank"">채용중<span>1</span></a>","<div class=""text_info"">
<span>기타 항공 운송지원 서비스업</span>
<span>중소기업</span>
<span>24년차</span>
<span>994명</span>
<span>김일홍</span>
</div>",
"<a href=""/zf_user/company-review/view?csn=WGF1dnYrcXN6SzVqaG9aTlEyYkJXQT09"" onmousedown=""Common.gaEvent('company_search', 'list_info', 'title')"" target=""_blank"">(주)에스엠컬처앤콘텐츠</a>","<a class=""link_employ"" href=""/zf_user/company-review/view?csn=WGF1dnYrcXN6SzVqaG9aTlEyYkJXQT09"" onmousedown=""Common.gaEvent('company_search', 'list_info', 'recruit')"" target=""_blank"">채용중<span>3</span></a>","<div class=""text_info"">
<span>광고 대행업</span>
<span>대기업</span>
<span>45년차</span>
<span>71명</span>
<span>남궁철</span>
</div>",
"<a href=""/zf_user/company-review/view?csn=RDY2NEpEb1hzdVRWMERxSmxDTW1zUT09"" onmousedown=""Common.gaEvent('company_search', 'list_info', 'title')"" target=""_blank"">에코플라스틱(주)</a>",,"<div class=""text_info"">
<span>자동차 차체용 신품 부품 제조업</span>
<span>중견기업</span>
<span>41년차</span>
<span>593명</span>
<span>이용철</span>
</div>",
"<a href=""/zf_user/company-review/view?csn=Qy8zc0h1akVpbCs1WFd4Ym5rN21iQT09"" onmousedown=""Common.gaEvent('company_search', 'list_info', 'title')"" target=""_blank"">지멘스(주)</a>","<a class=""link_employ"" href=""/zf_user/company-review/view?csn=Qy8zc0h1akVpbCs1WFd4Ym5rN21iQT09"" onmousedown=""Common.gaEvent('company_search', 'list_info', 'recruit')"" target=""_blank"">채용중<span>7</span></a>","<div class=""text_info"">
<span>전기용 기계ㆍ장비 및 관련 기자재 도매업</span>
<span>대기업,1000대기업</span>
<span>36년차</span>
<span>499명</span>
<span>정하중</span>
</div>",
"<a href=""/zf_user/company-review/view?csn=aFBtNmF6QTJrY0VJMjVsbTRJMW9GQT09"" onmousedown=""Common.gaEvent('company_search', 'list_info', 'title')"" target=""_blank"">에어서울(주)</a>",,"<div class=""text_info"">
<span>항공 여객 운송업</span>
<span>대기업</span>
<span>10년차</span>
<span>372명</span>
<span>선완성</span>
</div>",
"<a href=""/zf_user/company-review/view?csn=MTM2dFdzTU9MQTJrWk40emlsR1ZLQT09"" onmousedown=""Common.gaEvent('company_search', 'list_info', 'title')"" target=""_blank"">한양이엔지(주)</a>","<a class=""link_employ"" href=""/zf_user/company-review/view?csn=MTM2dFdzTU9MQTJrWk40emlsR1ZLQT09"" onmousedown=""Common.gaEvent('company_search', 'list_info', 'recruit')"" target=""_blank"">채용중<span>5</span></a>","<div class=""text_info"">
<span>건축설계 및 관련 서비스업</span>
<span>중견기업</span>
<span>37년차</span>
<span>1,842명</span>
<span>김윤상/이종근</span>
</div>",
"<a href=""/zf_user/company-review/view?csn=VG8xdnRFNThtNzd5K1pJbTJlOFh4UT09"" onmousedown=""Common.gaEvent('company_search', 'list_info', 'title')"" target=""_blank"">(주)뷰웍스</a>","<a class=""link_employ"" href=""/zf_user/company-review/view?csn=VG8xdnRFNThtNzd5K1pJbTJlOFh4UT09"" onmousedown=""Common.gaEvent('company_search', 'list_info', 'recruit')"" target=""_blank"">채용중<span>5</span></a>","<div class=""text_info"">
<span>그 외 기타 의료용 기기 제조업</span>
<span>중견기업</span>
<span>26년차</span>
<span>473명</span>
<span>김후식</span>
</div>",
"<a href=""/zf_user/company-review/view?csn=MVNXQWNUOSs1ZlRBM05aMHpwNDBYdz09"" onmousedown=""Common.gaEvent('company_search', 'list_info', 'title')"" target=""_blank"">(주)디엔솔루션즈</a>",,"<div class=""text_info"">
<span>전자 응용 절삭기계 제조업</span>
<span>중견기업</span>
<span>9년차</span>
<span>1,280명</span>
<span>김원종</span>
</div>",
"<a href=""/zf_user/company-review/view?csn=dHp5Ri9JdjhOZC9YQ2JEc3RmczZxQT09"" onmousedown=""Common.gaEvent('company_search', 'list_info', 'title')"" target=""_blank"">(주)디앤오</a>","<a class=""link_employ"" href=""/zf_user/company-review/view?csn=dHp5Ri9JdjhOZC9YQ2JEc3RmczZxQT09"" onmousedown=""Common.gaEvent('company_search', 'list_info', 'recruit')"" target=""_blank"">채용중<span>1</span></a>","<div class=""text_info"">
<span>건물 및 토목 엔지니어링 서비스업</span>
<span>대기업,1000대기업</span>
<span>23년차</span>
<span>741명</span>
<span>이동언</span>
</div>",
"<a href=""/zf_user/company-review/view?csn=UkdUbWtTUlJCTkhrQmJLUkRUSFJWQT09"" onmousedown=""Common.gaEvent('company_search', 'list_info', 'title')"" target=""_blank"">삼성이앤에이(주)</a>","<a class=""link_employ"" href=""/zf_user/company-review/view?csn=UkdUbWtTUlJCTkhrQmJLUkRUSFJWQT09"" onmousedown=""Common.gaEvent('company_search', 'list_info', 'recruit')"" target=""_blank"">채용중<span>1</span></a>","<div class=""text_info"">
<span>기타 엔지니어링 서비스업</span>
<span>대기업,1000대기업</span>
<span>47년차</span>
<span>5,117명</span>
<span>남궁홍</span>
</div>",
"<a href=""/zf_user/company-review/view?csn=VDVUc1pnTUxyTS8vN3A3MnY5Mjdmdz09"" onmousedown=""Common.gaEvent('company_search', 'list_info', 'title')"" target=""_blank"">(주)유한건강생활</a>","<a class=""link_employ"" href=""/zf_user/company-review/view?csn=VDVUc1pnTUxyTS8vN3A3MnY5Mjdmdz09"" onmousedown=""Common.gaEvent('company_search', 'list_info', 'recruit')"" target=""_blank"">채용중<span>2</span></a>","<div class=""text_info"">
<span>건강기능식품 제조업</span>
<span>중견기업</span>
<span>8년차</span>
<span>84명</span>
<span>손정수</span>
</div>",
"<a href=""/zf_user/company-review/view?csn=K3Z3U1NmOWVOa3dZV3VSczZLeStvUT09"" onmousedown=""Common.gaEvent('company_search', 'list_info', 'title')"" target=""_blank"">(주)경보제약</a>","<a class=""link_employ"" href=""/zf_user/company-review/view?csn=K3Z3U1NmOWVOa3dZV3VSczZLeStvUT09"" onmousedown=""Common.gaEvent('company_search', 'list_info', 'recruit')"" target=""_blank"">채용중<span>2</span></a>","<div class=""text_info"">
<span>완제 의약품 제조업</span>
<span>1000대기업,중견기업</span>
<span>38년차</span>
<span>514명</span>
<span>김태영</span>
</div>",
"<a href=""/zf_user/company-review/view?csn=OVFiK0l3QkFJVDQzZmRGWVhLWFo3Zz09"" onmousedown=""Common.gaEvent('company_search', 'list_info', 'title')"" target=""_blank"">콜마비앤에이치(주)</a>","<a class=""link_employ"" href=""/zf_user/company-review/view?csn=OVFiK0l3QkFJVDQzZmRGWVhLWFo3Zz09"" onmousedown=""Common.gaEvent('company_search', 'list_info', 'recruit')"" target=""_blank"">채용중<span>2</span></a>","<div class=""text_info"">
<span>의약용 화합물 및 항생물질 제조업</span>
<span>중견기업</span>
<span>11년차</span>
<span>539명</span>
<span>윤여원</span>
</div>",
"<a href=""/zf_user/company-review/view?csn=NXBIa1NEeVVTWnZZczdqaFlzVmw1dz09"" onmousedown=""Common.gaEvent('company_search', 'list_info', 'title')"" target=""_blank"">한국필립모리스(주)</a>","<a class=""link_employ"" href=""/zf_user/company-review/view?csn=NXBIa1NEeVVTWnZZczdqaFlzVmw1dz09"" onmousedown=""Common.gaEvent('company_search', 'list_info', 'recruit')"" target=""_blank"">채용중<span>3</span></a>","<div class=""text_info"">
<span>담배 제조업</span>
<span>36년차</span>
<span>971명</span>
<span>윤희경</span>
</div>",
"<a href=""/zf_user/company-review/view?csn=bCtrMUxCcGcvSE1vRDlrdHJoTXRkdz09"" onmousedown=""Common.gaEvent('company_search', 'list_info', 'title')"" target=""_blank"">(주)마녀공장</a>","<a class=""link_employ"" href=""/zf_user/company-review/view?csn=bCtrMUxCcGcvSE1vRDlrdHJoTXRkdz09"" onmousedown=""Common.gaEvent('company_search', 'list_info', 'recruit')"" target=""_blank"">채용중<span>1</span></a>","<div class=""text_info"">
<span>화장품 제조업</span>
<span>중견기업</span>
<span>13년차</span>
<span>94명</span>
<span>유근직</span>
</div>",
